round,method,task,worker,fairness-pairwise, overall-satisfactory,avg-quality,avg-utility,turn
0,budget,4,80,0.709375,,4.507783782479546,0.14375,289
0,max-cover,4,80,0.94375,,4.478456721024307,0.175,289
0,heuristic,4,80,1.0,,4.88880148090848,0.15625,0
1,budget,4,80,0.878125,,3.647504519964652,0.16875,282
1,max-cover,4,80,0.815625,,3.3617209604178147,0.159375,282
1,heuristic,4,80,0.98125,,3.85030444573975,0.184375,0
2,budget,4,80,0.990625,,5.50189094217502,0.15625,286
2,max-cover,4,80,0.61875,,4.79689455342846,0.134375,286
2,heuristic,4,80,0.984375,,5.601287714079247,0.159375,0
3,budget,4,80,0.959375,,5.283389515151313,0.171875,280
3,max-cover,4,80,0.70625,,4.807736546645353,0.1625,280
3,heuristic,4,80,0.98125,,5.400044537220572,0.2,0
4,budget,4,80,0.85,,4.171482241234333,0.175,281
4,max-cover,4,80,0.703125,,3.64082475608893,0.128125,281
4,heuristic,4,80,0.971875,,4.307906885245528,0.18125,0
5,budget,4,80,0.75,,6.995511867815647,0.140625,290
5,max-cover,4,80,0.8125,,7.316625100619868,0.1375,290
5,heuristic,4,80,0.965625,,7.1739077044247646,0.16875,0
6,budget,4,80,0.7375,,6.179376045671312,0.16875,281
6,max-cover,4,80,0.70625,,5.433324431134126,0.153125,281
6,heuristic,4,80,0.971875,,6.344978288941322,0.1875,0
7,budget,4,80,0.865625,,2.6462246286180635,0.15,286
7,max-cover,4,80,0.775,,2.22170741855516,0.14375,286
7,heuristic,4,80,0.98125,,2.7107670207676904,0.178125,0
8,budget,4,80,0.921875,,4.441771340522656,0.146875,286
8,max-cover,4,80,0.525,,3.986103576061801,0.06875,286
8,heuristic,4,80,0.990625,,4.597676806668982,0.140625,0
9,budget,4,80,0.853125,,2.745583268599012,0.15625,285
9,max-cover,4,80,0.646875,,2.407296353209184,0.125,285
9,heuristic,4,80,0.99375,,2.840218094605053,0.184375,0
0,budget,8,80,0.9109375,,3.5855994029165204,0.2921875,481
0,max-cover,8,80,0.5921875,,3.760007459599192,0.259375,481
0,heuristic,8,80,0.89375,,3.6960013841154304,0.3,0
1,budget,8,80,0.8921875,,2.197572640327785,0.3609375,442
1,max-cover,8,80,0.6984375,,2.020844901115983,0.3046875,442
1,heuristic,8,80,0.99375,,2.235418535816339,0.3875,0
2,budget,8,80,0.9609375,,2.0143595529696823,0.30625,472
2,max-cover,8,80,0.6859375,,1.8379613640408423,0.24375,472
2,heuristic,8,80,0.9890625,,2.1276223243732746,0.3140625,0
3,budget,8,80,0.9234375,,3.024386913030268,0.365625,440
3,max-cover,8,80,0.5390625,,3.1633240695285063,0.25625,440
3,heuristic,8,80,0.9609375,,3.0333445538122072,0.4046875,0
4,budget,8,80,0.89375,,2.9745263698500293,0.36875,437
4,max-cover,8,80,0.603125,,2.841280978514022,0.28125,437
4,heuristic,8,80,0.9734375,,3.0427656385480795,0.3765625,0
5,budget,8,80,0.8421875,,1.6132267716386726,0.3046875,472
5,max-cover,8,80,0.703125,,1.55017794819166,0.3078125,472
5,heuristic,8,80,0.978125,,1.5972938952063818,0.3640625,0
6,budget,8,80,0.9046875,,2.486749661808001,0.2984375,478
6,max-cover,8,80,0.809375,,2.324615183375613,0.303125,478
6,heuristic,8,80,0.959375,,2.6484375110966614,0.334375,0
7,budget,8,80,0.871875,,3.746561829026702,0.2734375,494
7,max-cover,8,80,0.61875,,3.310147760677641,0.2328125,494
7,heuristic,8,80,0.86875,,3.618980612310433,0.2875,0
8,budget,8,80,0.8421875,,2.355391479016619,0.3375,457
8,max-cover,8,80,0.6265625,,2.154093953875208,0.2484375,457
8,heuristic,8,80,0.9484375,,2.406801407754513,0.3625,0
9,budget,8,80,0.9375,,3.3335474797295737,0.3421875,453
9,max-cover,8,80,0.525,,3.02725133836006,0.228125,453
9,heuristic,8,80,0.9765625,,3.3854344762310102,0.3625,0
0,budget,12,80,0.9489583333333332,,2.0529221204448853,0.4729166666666666,549
0,max-cover,12,80,0.6010416666666667,,1.900124957720568,0.3583333333333333,549
0,heuristic,12,80,0.9760416666666668,,2.0557697750450874,0.4979166666666666,0
1,budget,12,80,0.8354166666666667,,1.7140839622742383,0.4187499999999999,597
1,max-cover,12,80,0.6510416666666667,,1.6152797825937644,0.3822916666666667,597
1,heuristic,12,80,0.9260416666666668,,1.832562830792274,0.4458333333333333,0
2,budget,12,80,0.91875,,0.6592446971317173,0.3947916666666667,618
2,max-cover,12,80,0.7239583333333333,,0.5987865185556918,0.3322916666666667,618
2,heuristic,12,80,0.9479166666666666,,0.5993473235999506,0.440625,0
3,budget,12,80,0.91875,,2.299188742537853,0.46875,552
3,max-cover,12,80,0.5947916666666666,,2.1127556713527245,0.3416666666666667,552
3,heuristic,12,80,0.95625,,2.300597542832075,0.5020833333333334,0
4,budget,12,80,0.9520833333333332,,1.7700484489137225,0.4895833333333333,533
4,max-cover,12,80,0.6145833333333333,,1.7470506889860813,0.3489583333333333,533
4,heuristic,12,80,0.9604166666666668,,1.7340007865534133,0.5375,0
5,budget,12,80,0.9552083333333332,,1.2099478306317104,0.4614583333333333,557
5,max-cover,12,80,0.68125,,1.1428260703696065,0.340625,557
5,heuristic,12,80,0.9541666666666668,,1.2304993084350997,0.4947916666666666,0
6,budget,12,80,0.915625,,1.6357989213039108,0.4572916666666667,563
6,max-cover,12,80,0.7958333333333334,,1.6063689225620326,0.4041666666666666,563
6,heuristic,12,80,0.8083333333333333,,1.5993633887843215,0.4239583333333334,0
7,budget,12,80,0.959375,,1.970532012616908,0.4520833333333333,566
7,max-cover,12,80,0.5791666666666666,,1.946204137726758,0.29375,566
7,heuristic,12,80,0.9416666666666668,,2.002422565465743,0.4947916666666667,0
8,budget,12,80,0.8802083333333334,,1.3425199622938415,0.4864583333333333,536
8,max-cover,12,80,0.684375,,1.3835497551317282,0.3583333333333334,536
8,heuristic,12,80,0.9395833333333332,,1.3048489445271418,0.5416666666666666,0
9,budget,12,80,0.921875,,1.0991104162124692,0.459375,561
9,max-cover,12,80,0.5572916666666667,,1.0055851979985386,0.3552083333333333,561
9,heuristic,12,80,0.9791666666666666,,1.1167718196664256,0.4927083333333334,0
0,budget,16,80,0.96875,,1.1472094603294307,0.746875,386
0,max-cover,16,80,0.64453125,,1.1729254848385569,0.4296875,386
0,heuristic,16,80,0.88046875,,1.154456043081165,0.58359375,0
1,budget,16,80,0.92265625,,1.4192646534978506,0.565625,605
1,max-cover,16,80,0.64296875,,1.3512726165620332,0.42890625,605
1,heuristic,16,80,0.9453125,,1.4192646534978506,0.59765625,0
2,budget,16,80,0.96640625,,1.4734533410812336,0.625,534
2,max-cover,16,80,0.68125,,1.4718198459662295,0.4578125,534
2,heuristic,16,80,0.96640625,,1.501761138973483,0.62890625,0
3,budget,16,80,0.94921875,,1.160663570888046,0.5890625,576
3,max-cover,16,80,0.78671875,,1.164244650759206,0.48671875,576
3,heuristic,16,80,0.9484375,,1.1685036718069706,0.59140625,0
4,budget,16,80,0.95390625,,0.6525654002725612,0.621875,538
4,max-cover,16,80,0.71953125,,0.6493424944688327,0.50234375,538
4,heuristic,16,80,0.9203125,,0.6433585404977199,0.615625,0
5,budget,16,80,0.89140625,,1.5320365298626777,0.521875,658
5,max-cover,16,80,0.72109375,,1.509421101219794,0.46875,658
5,heuristic,16,80,0.92421875,,1.502767476479106,0.5859375,0
6,budget,16,80,0.9140625,,1.959790180006161,0.61640625,544
6,max-cover,16,80,0.74921875,,1.9103037262278544,0.48203125,544
6,heuristic,16,80,0.93984375,,1.9425955479361128,0.63125,0
7,budget,16,80,0.9046875,,1.6306541798895875,0.5609375,610
7,max-cover,16,80,0.7296875,,1.6422912335298654,0.44609375,610
7,heuristic,16,80,0.92734375,,1.670628649632841,0.55546875,0
8,budget,16,80,0.953125,,1.901357369441361,0.671875,476
8,max-cover,16,80,0.6796875,,1.913421676299029,0.48203125,476
8,heuristic,16,80,0.9453125,,1.905112879603508,0.6609375,0
9,budget,16,80,0.9359375,,1.024035978735007,0.5625,608
9,max-cover,16,80,0.628125,,1.034812962234613,0.42421875,608
9,heuristic,16,80,0.90859375,,1.0276613847082674,0.5859375,0
0,budget,20,80,0.9525,,1.4699014919563935,0.7831250000000003,412
0,max-cover,20,80,0.75,,1.4448918505694468,0.541875,412
0,heuristic,20,80,0.939375,,1.469700773583444,0.7312500000000001,0
1,budget,20,80,0.9725,,1.632252825005538,0.749375,464
1,max-cover,20,80,0.561875,,1.695405479952757,0.461875,464
1,heuristic,20,80,0.8575,,1.6319128801775498,0.62125,0
2,budget,20,80,0.98375,,0.6033124675253804,0.78125,416
2,max-cover,20,80,0.735,,0.6296001114051479,0.5562499999999998,416
2,heuristic,20,80,0.90875,,0.6034386889578298,0.680625,0
3,budget,20,80,0.969375,,1.1336593715001264,0.8200000000000001,357
3,max-cover,20,80,0.606875,,1.1316346721747153,0.47375,357
3,heuristic,20,80,0.8362499999999999,,1.1317904087604802,0.604375,0
4,budget,20,80,0.96625,,0.8702664248718129,0.769375,434
4,max-cover,20,80,0.7106250000000001,,0.8697150355104215,0.49375,434
4,heuristic,20,80,0.82625,,0.8662896013444131,0.6075000000000002,0
5,budget,20,80,0.984375,,1.101888416089595,0.820625,356
5,max-cover,20,80,0.693125,,1.1121791677592094,0.530625,356
5,heuristic,20,80,0.88125,,1.1026615833745863,0.6718750000000001,0
6,budget,20,80,0.981875,,0.556622132144128,0.7706250000000001,431
6,max-cover,20,80,0.625625,,0.5882481205558403,0.4787499999999999,431
6,heuristic,20,80,0.845625,,0.5611312806726858,0.6243750000000002,0
7,budget,20,80,0.941875,,0.9971305804437754,0.6975000000000002,543
7,max-cover,20,80,0.6443749999999999,,0.9781049621136122,0.4862499999999999,543
7,heuristic,20,80,0.9225,,0.9961990527744522,0.6737500000000002,0
8,budget,20,80,0.96375,,0.8970907873354219,0.8056250000000003,378
8,max-cover,20,80,0.64625,,0.9088501020047892,0.5306249999999999,378
8,heuristic,20,80,0.905,,0.8837165758721293,0.693125,0
9,budget,20,80,0.980625,,0.8929730812585,0.775625,424
9,max-cover,20,80,0.595,,0.9212808184076452,0.433125,424
9,heuristic,20,80,0.7975,,0.870412438267407,0.590625,0
0,budget,24,80,0.9942708333333332,,0.771386214597603,0.9427083333333336,190
0,max-cover,24,80,0.6578125,,0.8180398660671445,0.5411458333333334,190
0,heuristic,24,80,0.846875,,0.7756751273684329,0.7015625000000001,0
1,budget,24,80,0.9802083333333332,,0.7786725527443928,0.8739583333333331,317
1,max-cover,24,80,0.5927083333333334,,0.7793639050987783,0.4843750000000001,317
1,heuristic,24,80,0.7645833333333334,,0.778645997771989,0.6057291666666667,0
2,budget,24,80,0.9927083333333332,,0.991666169704896,0.9317708333333332,209
2,max-cover,24,80,0.6723958333333333,,1.0086327117824545,0.5453125,209
2,heuristic,24,80,0.88125,,0.9969512039400108,0.7432291666666668,0
3,budget,24,80,0.9947916666666666,,0.8478536100821633,0.9598958333333332,156
3,max-cover,24,80,0.6927083333333333,,0.8726695339062202,0.5958333333333334,156
3,heuristic,24,80,0.9213541666666668,,0.8473852820667286,0.7802083333333333,0
4,budget,24,80,0.9880208333333332,,0.7857038224290914,0.9052083333333334,258
4,max-cover,24,80,0.7541666666666667,,0.808594266751678,0.5984375,258
4,heuristic,24,80,0.9161458333333332,,0.8004860694125403,0.759375,0
5,budget,24,80,0.9994791666666668,,0.939532762920302,0.9375,199
5,max-cover,24,80,0.6697916666666667,,0.9399686794225768,0.5427083333333333,199
5,heuristic,24,80,0.8703125,,0.9426944028414338,0.696875,0
6,budget,24,80,0.984375,,1.0393722633269091,0.8989583333333334,270
6,max-cover,24,80,0.7182291666666667,,1.092752666930777,0.5687500000000001,270
6,heuristic,24,80,0.8869791666666667,,1.0393722633269091,0.7223958333333336,0
7,budget,24,80,0.9885416666666668,,0.5198097156790927,0.8953124999999998,276
7,max-cover,24,80,0.7651041666666667,,0.5148460955708974,0.6229166666666667,276
7,heuristic,24,80,0.9380208333333332,,0.5204790364172956,0.8072916666666667,0
8,budget,24,80,0.98125,,0.5997796900888521,0.8895833333333332,286
8,max-cover,24,80,0.6546875,,0.604055506996198,0.5015625000000001,286
8,heuristic,24,80,0.8317708333333333,,0.6008456080187835,0.6875,0
9,budget,24,80,0.9927083333333332,,0.7049368222483459,0.9260416666666668,220
9,max-cover,24,80,0.7036458333333333,,0.7125956734627777,0.5661458333333333,220
9,heuristic,24,80,0.896875,,0.7053039310216472,0.7380208333333333,0
0,budget,28,80,0.9986607142857142,,0.4556088638150268,0.9808035714285712,123
0,max-cover,28,80,0.5866071428571429,,0.4603461313645521,0.5013392857142858,123
0,heuristic,28,80,0.8116071428571429,,0.4556088638150268,0.6812500000000001,0
1,budget,28,80,0.9973214285714286,,0.6796299023889245,0.9683035714285712,151
1,max-cover,28,80,0.63125,,0.7003436889937313,0.5116071428571429,151
1,heuristic,28,80,0.8267857142857142,,0.6796299023889245,0.6915178571428572,0
2,budget,28,80,0.9919642857142856,,0.7438572211053863,0.9616071428571428,166
2,max-cover,28,80,0.6183035714285714,,0.7394687008602476,0.5236607142857143,166
2,heuristic,28,80,0.834375,,0.7437077484192224,0.7236607142857143,0
3,budget,28,80,0.9924107142857144,,0.6838440430412911,0.9660714285714284,156
3,max-cover,28,80,0.6678571428571429,,0.6792623558194641,0.561607142857143,156
3,heuristic,28,80,0.840625,,0.6802936478219415,0.7205357142857142,0
4,budget,28,80,0.9950892857142856,,0.5282778192581504,0.9647321428571428,159
4,max-cover,28,80,0.7107142857142856,,0.524689925927006,0.5888392857142859,159
4,heuristic,28,80,0.8821428571428571,,0.5284230456163301,0.7598214285714285,0
5,budget,28,80,0.9982142857142856,,0.7703578036947267,0.980357142857143,124
5,max-cover,28,80,0.7008928571428572,,0.7887144788824252,0.596875,124
5,heuristic,28,80,0.8566964285714286,,0.7704945042344018,0.7522321428571428,0
6,budget,28,80,0.9941964285714284,,0.9132931422456496,0.9754464285714286,135
6,max-cover,28,80,0.8017857142857143,,0.9233246046472208,0.6982142857142858,135
6,heuristic,28,80,0.9450892857142856,,0.9037771234371414,0.8638392857142856,0
7,budget,28,80,0.9933035714285714,,1.1360689197488705,0.9781249999999998,129
7,max-cover,28,80,0.7165178571428572,,1.1904177301541263,0.6098214285714287,129
7,heuristic,28,80,0.9178571428571428,,1.139675950990473,0.8245535714285716,0
8,budget,28,80,0.996875,,1.0551086532173737,0.9888392857142856,105
8,max-cover,28,80,0.7665178571428571,,1.084416376838753,0.6611607142857142,105
8,heuristic,28,80,0.9334821428571428,,1.0543710777746589,0.8566964285714287,0
9,budget,28,80,0.9973214285714286,,0.9355433503722724,0.9602678571428568,169
9,max-cover,28,80,0.6633928571428571,,0.9335390329152344,0.5723214285714285,169
9,heuristic,28,80,0.8589285714285715,,0.9439868535772998,0.7093750000000001,0
0,budget,32,80,0.999609375,,0.4705827027609873,0.990625,104
0,max-cover,32,80,0.676953125,,0.4787206852066255,0.623046875,104
0,heuristic,32,80,0.878515625,,0.4704595067055249,0.794140625,0
1,budget,32,80,0.998046875,,0.9658970128827328,0.98359375,122
1,max-cover,32,80,0.704296875,,0.9938093328413202,0.6078125,122
1,heuristic,32,80,0.861328125,,0.9686077974098184,0.750390625,0
2,budget,32,80,0.99921875,,0.8121038237010546,0.990625,104
2,max-cover,32,80,0.69140625,,0.8105427039188629,0.593359375,104
2,heuristic,32,80,0.898828125,,0.8136380096302096,0.81796875,0
3,budget,32,80,0.996875,,0.8429447390257956,0.981640625,127
3,max-cover,32,80,0.563671875,,0.8607321640468028,0.508203125,127
3,heuristic,32,80,0.84375,,0.8480573271730018,0.753125,0
4,budget,32,80,0.999609375,,0.4040774181511753,0.985546875,117
4,max-cover,32,80,0.632421875,,0.4065049274079679,0.55390625,117
4,heuristic,32,80,0.826171875,,0.4039802164494905,0.73359375,0
5,budget,32,80,0.9984375,,0.5003251663988906,0.992578125,99
5,max-cover,32,80,0.7171875,,0.5249803244995472,0.646875,99
5,heuristic,32,80,0.925,,0.5011576666994889,0.868359375,0
6,budget,32,80,0.99765625,,0.6518780463882236,0.984375,120
6,max-cover,32,80,0.734375,,0.6660661343827571,0.66328125,120
6,heuristic,32,80,0.91953125,,0.6488097548946524,0.8359375,0
7,budget,32,80,0.997265625,,0.7613504993541501,0.9796875,132
7,max-cover,32,80,0.684375,,0.7458510568993777,0.60703125,132
7,heuristic,32,80,0.84765625,,0.7575447366795625,0.7234375,0
8,budget,32,80,0.998828125,,0.5707494450196144,0.98984375,106
8,max-cover,32,80,0.7265625,,0.5750776831037864,0.665625,106
8,heuristic,32,80,0.9265625,,0.570745098255014,0.86328125,0
9,budget,32,80,0.998046875,,0.7626297543011845,0.990234375,105
9,max-cover,32,80,0.63671875,,0.7660575302812073,0.57578125,105
9,heuristic,32,80,0.856640625,,0.7621610397960626,0.755859375,0
0,budget,36,80,0.9979166666666668,,0.4236656739993064,0.9875,116
0,max-cover,36,80,0.6197916666666667,,0.4233915209310972,0.5555555555555555,116
0,heuristic,36,80,0.8680555555555556,,0.4137580682137621,0.7923611111111112,0
1,budget,36,80,0.9993055555555556,,0.4990045477336051,0.992013888888889,103
1,max-cover,36,80,0.6145833333333333,,0.496127806397929,0.5746527777777777,103
1,heuristic,36,80,0.8625,,0.4994375097704697,0.7756944444444446,0
2,budget,36,80,0.9986111111111112,,0.6279108875872264,0.9895833333333334,110
2,max-cover,36,80,0.6513888888888889,,0.6494051059954681,0.5958333333333331,110
2,heuristic,36,80,0.9045138888888888,,0.6283621574320438,0.8430555555555553,0
3,budget,36,80,0.9986111111111112,,0.8269512789180112,0.9892361111111112,111
3,max-cover,36,80,0.628125,,0.8295231169557726,0.5885416666666667,111
3,heuristic,36,80,0.8739583333333334,,0.8306496346786663,0.8170138888888892,0
4,budget,36,80,0.996875,,0.9017996844857454,0.9812499999999998,134
4,max-cover,36,80,0.7256944444444444,,0.927539906296274,0.6618055555555555,134
4,heuristic,36,80,0.9625,,0.9110074566444224,0.928472222222222,0
5,budget,36,80,0.9986111111111112,,0.6242500710585115,0.9923611111111112,102
5,max-cover,36,80,0.7270833333333333,,0.6101933518357219,0.6621527777777776,102
5,heuristic,36,80,0.8600694444444444,,0.625574108862187,0.7861111111111112,0
6,budget,36,80,0.9996527777777776,,0.5507454717345623,0.9951388888888888,94
6,max-cover,36,80,0.6864583333333334,,0.5528947556106724,0.6211805555555554,94
6,heuristic,36,80,0.8659722222222223,,0.5515610082999693,0.8135416666666666,0
7,budget,36,80,0.9996527777777776,,0.9328464921340204,0.9920138888888888,103
7,max-cover,36,80,0.7211805555555555,,0.9352005021232171,0.6600694444444444,103
7,heuristic,36,80,0.9295138888888888,,0.935089947920374,0.8847222222222222,0
8,budget,36,80,0.9989583333333332,,0.4509493124229917,0.9906250000000002,107
8,max-cover,36,80,0.6520833333333333,,0.4532131494574176,0.5934027777777777,107
8,heuristic,36,80,0.8552083333333333,,0.451176461822771,0.7607638888888889,0
9,budget,36,80,1.0,,0.7767821196449758,0.9892361111111114,111
9,max-cover,36,80,0.6447916666666667,,0.7961563602479513,0.5868055555555555,111
9,heuristic,36,80,0.8788194444444445,,0.777321472689597,0.8034722222222221,0
0,budget,40,80,0.9990625,,0.5106180355633445,0.9934375,101
0,max-cover,40,80,0.6409374999999999,,0.5252451135907954,0.5753125000000001,101
0,heuristic,40,80,0.8090625,,0.5106180355633445,0.7371875,0
1,budget,40,80,0.9978125,,0.6127209759810938,0.9946874999999998,97
1,max-cover,40,80,0.713125,,0.6113349032409108,0.6515625,97
1,heuristic,40,80,0.9215625,,0.6119643235131159,0.8849999999999998,0
2,budget,40,80,0.9996875,,0.3216517712120785,0.995,96
2,max-cover,40,80,0.6078125,,0.3206258709677602,0.55375,96
2,heuristic,40,80,0.8309375,,0.322102518383932,0.7640625,0
3,budget,40,80,0.999375,,0.3970491431835452,0.9900000000000002,112
3,max-cover,40,80,0.6684375,,0.3974832683215647,0.6071875000000001,112
3,heuristic,40,80,0.86375,,0.3950253521133864,0.7865624999999998,0
4,budget,40,80,0.9984375,,0.7855745193878775,0.9925,104
4,max-cover,40,80,0.7234375,,0.7769920450564516,0.6596875000000002,104
4,heuristic,40,80,0.9178125,,0.7907717061362058,0.8465624999999999,0
5,budget,40,80,0.9978125,,0.6810765357913546,0.9925,104
5,max-cover,40,80,0.6734375,,0.696482236143049,0.6121875000000001,104
5,heuristic,40,80,0.8878125,,0.6816620351990276,0.8175000000000001,0
6,budget,40,80,0.99875,,0.3913445691745406,0.9940624999999996,99
6,max-cover,40,80,0.576875,,0.3931844432887794,0.5293749999999999,99
6,heuristic,40,80,0.7978125,,0.3908594653246251,0.7212500000000001,0
7,budget,40,80,0.99875,,0.7377832813119232,0.9965625,91
7,max-cover,40,80,0.6134375000000001,,0.7223773370727314,0.5740625,91
7,heuristic,40,80,0.84875,,0.7387310488073273,0.7775,0
8,budget,40,80,1.0,,0.3403625031207604,0.995,96
8,max-cover,40,80,0.571875,,0.3482492736629838,0.5484375,96
8,heuristic,40,80,0.8446875,,0.3403716956235754,0.7862500000000002,0
9,budget,40,80,0.9996875,,0.6440658444855746,0.9965625,91
9,max-cover,40,80,0.62,,0.6427001357632648,0.5693750000000001,91
9,heuristic,40,80,0.843125,,0.6460007913804562,0.7787499999999999,0
0,budget,4,160,0.8265625,,4.818883466666216,0.09375,598
0,max-cover,4,160,0.3546875,,3.798915547008393,0.0703125,598
0,heuristic,4,160,0.990625,,5.029757607093023,0.1125,0
1,budget,4,160,0.8984375,,7.345170340193165,0.0875,601
1,max-cover,4,160,0.625,,7.172039102310508,0.0890625,601
1,heuristic,4,160,0.9765625,,8.28235066652712,0.1,0
2,budget,4,160,0.953125,,4.7610935234964895,0.0828125,606
2,max-cover,4,160,0.73125,,3.9925624221933895,0.0734375,606
2,heuristic,4,160,0.9875,,4.984285207102906,0.0734375,0
3,budget,4,160,0.778125,,5.390425028879153,0.0640625,615
3,max-cover,4,160,0.503125,,4.136511259754662,0.0625,615
3,heuristic,4,160,0.990625,,5.8746608113315535,0.0765625,0
4,budget,4,160,0.928125,,8.181327962689515,0.0953125,598
4,max-cover,4,160,0.80625,,7.751821968135984,0.08125,598
4,heuristic,4,160,0.9828125,,8.355948812035681,0.09375,0
5,budget,4,160,0.9953125,,8.740979276275558,0.10625,593
5,max-cover,4,160,0.740625,,6.670650761564582,0.075,593
5,heuristic,4,160,0.98125,,8.658481302089942,0.10625,0
6,budget,4,160,0.9109375,,4.7207389913612285,0.0796875,605
6,max-cover,4,160,0.678125,,4.131808875546968,0.0828125,605
6,heuristic,4,160,0.978125,,4.7944757330520895,0.0875,0
7,budget,4,160,0.9515625,,5.984502021919776,0.0859375,602
7,max-cover,4,160,0.7828125,,4.937086048285637,0.075,602
7,heuristic,4,160,0.9921875,,6.423152084583311,0.084375,0
8,budget,4,160,0.7921875,,6.949098488370307,0.08125,605
8,max-cover,4,160,0.909375,,6.520790315893766,0.1,605
8,heuristic,4,160,0.9921875,,7.232463724802638,0.0828125,0
9,budget,4,160,0.878125,,5.923337016105822,0.0953125,596
9,max-cover,4,160,0.8625,,5.307308163745017,0.0875,596
9,heuristic,4,160,0.9921875,,6.3889634638231945,0.0984375,0
0,budget,8,160,0.96484375,,3.655466423315408,0.2015625,1058
0,max-cover,8,160,0.809375,,3.325338370464357,0.1609375,1058
0,heuristic,8,160,0.9953125,,3.8235606056280687,0.20546875,0
1,budget,8,160,0.97109375,,4.323421436529163,0.18125,1085
1,max-cover,8,160,0.7484375,,3.904258187731243,0.1484375,1085
1,heuristic,8,160,0.98046875,,4.393931631450012,0.18515625,0
2,budget,8,160,0.81875,,5.406678498983918,0.18359375,1080
2,max-cover,8,160,0.49140625,,4.563156648897027,0.13203125,1080
2,heuristic,8,160,0.98359375,,5.699364020374798,0.22265625,0
3,budget,8,160,0.8234375,,4.23162425900897,0.17265625,1090
3,max-cover,8,160,0.75078125,,3.634624044749972,0.14375,1090
3,heuristic,8,160,0.9140625,,4.689040444422389,0.1921875,0
4,budget,8,160,0.959375,,3.044570235610905,0.1671875,1098
4,max-cover,8,160,0.84296875,,2.9287903346044226,0.1609375,1098
4,heuristic,8,160,0.98984375,,3.2832871825047625,0.1796875,0
5,budget,8,160,0.83125,,3.2494755282166965,0.1703125,1096
5,max-cover,8,160,0.771875,,2.9493278417686866,0.1390625,1096
5,heuristic,8,160,0.98828125,,3.3226773800378706,0.203125,0
6,budget,8,160,0.92734375,,5.389145485735702,0.184375,1080
6,max-cover,8,160,0.61640625,,4.778572017200698,0.1359375,1080
6,heuristic,8,160,0.99296875,,5.724765212226522,0.19296875,0
7,budget,8,160,0.9046875,,5.665242074705779,0.15546875,1112
7,max-cover,8,160,0.53203125,,4.977468049401104,0.13125,1112
7,heuristic,8,160,0.98515625,,5.6998021975563855,0.178125,0
8,budget,8,160,0.9421875,,3.7291672812430336,0.1953125,1065
8,max-cover,8,160,0.80234375,,3.4564272865049994,0.1796875,1065
8,heuristic,8,160,0.9921875,,3.850520785187885,0.19609375,0
9,budget,8,160,0.8703125,,3.1641502820447363,0.171875,1092
9,max-cover,8,160,0.72265625,,2.952540299493223,0.13515625,1092
9,heuristic,8,160,0.98125,,3.652704824103792,0.18984375,0
0,budget,12,160,0.9015625,,4.325732816628716,0.2708333333333333,1453
0,max-cover,12,160,0.7776041666666667,,4.005903552157994,0.2536458333333333,1453
0,heuristic,12,160,0.9901041666666668,,4.500213462304848,0.3109375,0
1,budget,12,160,0.9078125,,3.703501932393568,0.2651041666666666,1464
1,max-cover,12,160,0.6494791666666666,,3.871243096847366,0.2166666666666667,1464
1,heuristic,12,160,0.9765625,,3.898867340324424,0.2963541666666666,0
2,budget,12,160,0.9307291666666666,,4.275107466646353,0.2687499999999999,1454
2,max-cover,12,160,0.7911458333333333,,3.7835094236852456,0.2296874999999999,1454
2,heuristic,12,160,0.9963541666666668,,4.683645054033929,0.2776041666666666,0
3,budget,12,160,0.8510416666666667,,3.161751887234017,0.2713541666666667,1453
3,max-cover,12,160,0.6161458333333334,,2.8351457220701963,0.2322916666666666,1453
3,heuristic,12,160,0.98125,,3.222834856657999,0.2854166666666666,0
4,budget,12,160,0.9078125,,5.354159880208883,0.2880208333333334,1421
4,max-cover,12,160,0.6671875,,5.115429134622313,0.2213541666666666,1421
4,heuristic,12,160,0.984375,,5.418024998261011,0.3062500000000001,0
5,budget,12,160,0.8786458333333333,,3.5065988406222623,0.2703125,1455
5,max-cover,12,160,0.778125,,3.220785183721692,0.2578124999999999,1455
5,heuristic,12,160,0.9817708333333334,,3.614450329279675,0.303125,0
6,budget,12,160,0.9625,,2.88437489428181,0.3317708333333332,1341
6,max-cover,12,160,0.5463541666666667,,2.441714357122045,0.2354166666666666,1341
6,heuristic,12,160,0.9739583333333334,,2.8819969102981062,0.3348958333333333,0
7,budget,12,160,0.9114583333333334,,3.969572406809965,0.2760416666666667,1440
7,max-cover,12,160,0.6682291666666667,,3.613270612785076,0.1984375,1440
7,heuristic,12,160,0.9859375,,4.090873905233619,0.290625,0
8,budget,12,160,0.9151041666666666,,3.5291184152585,0.2640625,1462
8,max-cover,12,160,0.6588541666666667,,3.1555339149677395,0.2255208333333333,1462
8,heuristic,12,160,0.9880208333333332,,3.77133519149131,0.2770833333333333,0
9,budget,12,160,0.896875,,3.2023955691669923,0.2468749999999999,1493
9,max-cover,12,160,0.7489583333333334,,3.0566788750687905,0.2229166666666666,1493
9,heuristic,12,160,0.9859375,,3.2887630104605683,0.265625,0
0,budget,16,160,0.91796875,,2.393210040611786,0.36484375,1694
0,max-cover,16,160,0.628125,,2.2315121444744155,0.277734375,1694
0,heuristic,16,160,0.98515625,,2.5139503429631525,0.400390625,0
1,budget,16,160,0.9390625,,2.2963401334396245,0.346875,1738
1,max-cover,16,160,0.797265625,,2.273412469542695,0.31875,1738
1,heuristic,16,160,0.9421875,,2.3273443296077283,0.385546875,0
2,budget,16,160,0.91640625,,2.4297558562959867,0.34296875,1743
2,max-cover,16,160,0.66015625,,2.296878652314452,0.2796875,1743
2,heuristic,16,160,0.983203125,,2.5645944541581773,0.346484375,0
3,budget,16,160,0.929296875,,2.30931519877582,0.383984375,1646
3,max-cover,16,160,0.61015625,,2.07961117119649,0.26484375,1646
3,heuristic,16,160,0.959375,,2.381252411554124,0.375390625,0
4,budget,16,160,0.864453125,,3.2228060800405083,0.3265625,1785
4,max-cover,16,160,0.6359375,,3.000680127629944,0.262109375,1785
4,heuristic,16,160,0.980078125,,3.3029934193368056,0.3625,0
5,budget,16,160,0.95546875,,2.87999952154413,0.35625,1714
5,max-cover,16,160,0.584375,,2.718521598955385,0.2515625,1714
5,heuristic,16,160,0.988671875,,2.98196211842382,0.3609375,0
6,budget,16,160,0.91875,,3.012946283043066,0.34375,1744
6,max-cover,16,160,0.64375,,2.811895835313513,0.245703125,1744
6,heuristic,16,160,0.919140625,,3.0096532465025785,0.34921875,0
7,budget,16,160,0.9171875,,2.126741261808516,0.351171875,1725
7,max-cover,16,160,0.661328125,,1.960765843959368,0.273046875,1725
7,heuristic,16,160,0.81796875,,2.1258227419465543,0.337890625,0
8,budget,16,160,0.905859375,,2.8687674355163595,0.364453125,1694
8,max-cover,16,160,0.646484375,,2.5560091445006794,0.26875,1694
8,heuristic,16,160,0.931640625,,2.872911049826875,0.36953125,0
9,budget,16,160,0.922265625,,3.179470776018108,0.355078125,1718
9,max-cover,16,160,0.64921875,,2.861959027607197,0.30703125,1718
9,heuristic,16,160,0.97734375,,3.261010705945658,0.385546875,0
0,budget,20,160,0.854375,,2.5138390059573026,0.38,2056
0,max-cover,20,160,0.67125,,2.4106028925125047,0.300625,2056
0,heuristic,20,160,0.953125,,2.5059506204654345,0.4406250000000001,0
1,budget,20,160,0.9275,,3.1686030344403555,0.421875,1929
1,max-cover,20,160,0.8540625,,2.9341821800314967,0.3609375,1929
1,heuristic,20,160,0.979375,,3.2478665750343,0.41875,0
2,budget,20,160,0.9325,,2.420243037635838,0.4356249999999999,1885
2,max-cover,20,160,0.6971875000000001,,2.206203420137485,0.321875,1885
2,heuristic,20,160,0.9775,,2.434982101923425,0.4634374999999998,0
3,budget,20,160,0.7675,,2.7860469554532328,0.38125,2052
3,max-cover,20,160,0.661875,,2.634301334646802,0.3199999999999999,2052
3,heuristic,20,160,0.9475,,2.812743531795624,0.4515625000000001,0
4,budget,20,160,0.931875,,3.294139619831882,0.4431250000000002,1864
4,max-cover,20,160,0.625,,3.13604472755232,0.335,1864
4,heuristic,20,160,0.955,,3.3330770104958782,0.4603125,0
5,budget,20,160,0.9384375,,1.9489645097202235,0.4478125,1848
5,max-cover,20,160,0.7071875000000001,,1.794128926839763,0.3562500000000001,1848
5,heuristic,20,160,0.9721875,,1.962631613011632,0.4928125000000001,0
6,budget,20,160,0.9478125,,2.402449978569116,0.4103125,1964
6,max-cover,20,160,0.703125,,2.198696435078156,0.3315625,1964
6,heuristic,20,160,0.9578125,,2.383480437261116,0.4381250000000002,0
7,budget,20,160,0.9325,,2.566887894419569,0.4090624999999999,1970
7,max-cover,20,160,0.71375,,2.32634061510469,0.3340625,1970
7,heuristic,20,160,0.96375,,2.58328300715813,0.440625,0
8,budget,20,160,0.9415625,,3.70495050290536,0.41125,1959
8,max-cover,20,160,0.7059375,,3.634345363969582,0.3293750000000001,1959
8,heuristic,20,160,0.9759375,,3.720568286749735,0.4434375000000002,0
9,budget,20,160,0.89625,,2.617269277336846,0.4290624999999999,1903
9,max-cover,20,160,0.6443749999999999,,2.560324483854333,0.328125,1903
9,heuristic,20,160,0.905625,,2.618076607051515,0.4237499999999999,0
0,budget,24,160,0.91640625,,1.5993601975793623,0.4630208333333334,2143
0,max-cover,24,160,0.7177083333333334,,1.5683334625943184,0.4036458333333333,2143
0,heuristic,24,160,0.9638020833333332,,1.5802986981047404,0.5106770833333333,0
1,budget,24,160,0.8401041666666667,,1.7325514911079944,0.4546875,2175
1,max-cover,24,160,0.6630208333333334,,1.705648833389905,0.3661458333333334,2175
1,heuristic,24,160,0.9770833333333332,,1.7697908532272064,0.5135416666666666,0
2,budget,24,160,0.89765625,,1.5910040376953825,0.4828124999999999,2070
2,max-cover,24,160,0.7161458333333333,,1.5408581417763036,0.3945312500000001,2070
2,heuristic,24,160,0.9575520833333332,,1.607844399306968,0.5296874999999999,0
3,budget,24,160,0.9122395833333332,,1.9064488043782444,0.4958333333333332,2023
3,max-cover,24,160,0.67890625,,1.7715380498856403,0.3755208333333333,2023
3,heuristic,24,160,0.95703125,,1.9299468246937128,0.5343749999999998,0
4,budget,24,160,0.9096354166666668,,2.167045540366168,0.5039062500000001,1991
4,max-cover,24,160,0.696875,,2.075182555955631,0.4026041666666666,1991
4,heuristic,24,160,0.9364583333333334,,2.176537800837019,0.5604166666666666,0
5,budget,24,160,0.9127604166666666,,2.3947650318502283,0.4989583333333333,2009
5,max-cover,24,160,0.6674479166666667,,2.33572079807939,0.4,2009
5,heuristic,24,160,0.9203125,,2.381453967818376,0.5270833333333333,0
6,budget,24,160,0.884375,,1.9433690255457088,0.5005208333333335,2004
6,max-cover,24,160,0.7072916666666667,,1.9233647891454064,0.4052083333333334,2004
6,heuristic,24,160,0.9450520833333332,,1.9382295924438209,0.5562499999999999,0
7,budget,24,160,0.90078125,,1.674292922496316,0.4760416666666667,2095
7,max-cover,24,160,0.74296875,,1.6803474623885493,0.4125,2095
7,heuristic,24,160,0.92890625,,1.6685624398450714,0.5213541666666668,0
8,budget,24,160,0.9026041666666668,,2.6372633835084063,0.4622395833333333,2146
8,max-cover,24,160,0.73671875,,2.5465661718888906,0.3875,2146
8,heuristic,24,160,0.9625,,2.6038047908699027,0.5249999999999999,0
9,budget,24,160,0.9411458333333332,,1.823101385756164,0.5002604166666667,2006
9,max-cover,24,160,0.7,,1.8618293034416675,0.3763020833333334,2006
9,heuristic,24,160,0.9596354166666666,,1.879976474240653,0.4992187500000001,0
0,budget,28,160,0.9395089285714284,,1.7866133852235655,0.5785714285714284,1987
0,max-cover,28,160,0.6729910714285714,,1.733715853496428,0.4214285714285715,1987
0,heuristic,28,160,0.9301339285714284,,1.7898838726893984,0.592410714285714,0
1,budget,28,160,0.9410714285714286,,1.414723323092704,0.5421874999999999,2144
1,max-cover,28,160,0.6883928571428571,,1.4103956369081228,0.4223214285714286,2144
1,heuristic,28,160,0.9107142857142856,,1.411844997722757,0.5513392857142858,0
2,budget,28,160,0.9305803571428573,,1.3826400097487874,0.5613839285714286,2058
2,max-cover,28,160,0.5915178571428572,,1.4239490576088645,0.3928571428571429,2058
2,heuristic,28,160,0.8819196428571429,,1.39269784678398,0.5441964285714286,0
3,budget,28,160,0.9602678571428572,,1.6358974451214845,0.577455357142857,1992
3,max-cover,28,160,0.7243303571428572,,1.7722760509048794,0.4258928571428571,1992
3,heuristic,28,160,0.8774553571428572,,1.627100947807595,0.5611607142857141,0
4,budget,28,160,0.9513392857142856,,2.102228413993878,0.5732142857142858,2011
4,max-cover,28,160,0.7654017857142857,,2.040485522019728,0.4544642857142856,2011
4,heuristic,28,160,0.9604910714285716,,2.0877447424076205,0.5955357142857141,0
5,budget,28,160,0.9189732142857144,,1.2612260178941013,0.5671875000000001,2034
5,max-cover,28,160,0.6776785714285714,,1.259816333987947,0.4212053571428572,2034
5,heuristic,28,160,0.9582589285714286,,1.2449539257470057,0.611830357142857,0
6,budget,28,160,0.9205357142857142,,1.6671153178036655,0.5517857142857144,2103
6,max-cover,28,160,0.7276785714285714,,1.6581878556814864,0.4381696428571429,2103
6,heuristic,28,160,0.9430803571428572,,1.6701505635628275,0.602232142857143,0
7,budget,28,160,0.9415178571428572,,2.0685986830542,0.5734375,2012
7,max-cover,28,160,0.6359375,,2.06539642770022,0.4167410714285714,2012
7,heuristic,28,160,0.9470982142857144,,2.054686838571913,0.5991071428571428,0
8,budget,28,160,0.9325892857142856,,2.265585626318197,0.5462053571428572,2126
8,max-cover,28,160,0.6502232142857143,,2.227968848302773,0.4185267857142857,2126
8,heuristic,28,160,0.9511160714285716,,2.2486151528043243,0.5926339285714285,0
9,budget,28,160,0.9359375,,1.7365396469420058,0.5703125000000001,2021
9,max-cover,28,160,0.7223214285714286,,1.7114954152606692,0.4345982142857143,2021
9,heuristic,28,160,0.9337053571428572,,1.7210883579813865,0.5901785714285714,0
0,budget,32,160,0.943359375,,1.2540427999842725,0.599609375,2152
0,max-cover,32,160,0.68828125,,1.2703363396352214,0.4564453125,2152
0,heuristic,32,160,0.9388671875,,1.2804420735292104,0.6357421875,0
1,budget,32,160,0.92421875,,1.7352753528966776,0.5939453125,2180
1,max-cover,32,160,0.7294921875,,1.7282826702402572,0.4794921875,2180
1,heuristic,32,160,0.97890625,,1.7440662580839903,0.6322265625,0
2,budget,32,160,0.93828125,,1.4849755816391883,0.632421875,1987
2,max-cover,32,160,0.742578125,,1.4486580748544018,0.498828125,1987
2,heuristic,32,160,0.9490234375,,1.4710061061893154,0.6470703125,0
3,budget,32,160,0.939453125,,1.1677752396681542,0.64296875,1935
3,max-cover,32,160,0.7033203125,,1.2259356673186823,0.5041015625,1935
3,heuristic,32,160,0.9375,,1.1795294814180917,0.6412109375,0
4,budget,32,160,0.9072265625,,1.655104347044316,0.5841796875,2228
4,max-cover,32,160,0.69296875,,1.6952128330775962,0.462890625,2228
4,heuristic,32,160,0.8642578125,,1.665073959887171,0.573046875,0
5,budget,32,160,0.9263671875,,1.9731550807892704,0.6228515625,2035
5,max-cover,32,160,0.67109375,,2.007311576144048,0.46171875,2035
5,heuristic,32,160,0.8119140625,,2.0151479605648417,0.5705078125,0
6,budget,32,160,0.9673828125,,1.544246560633218,0.6712890625,1795
6,max-cover,32,160,0.691015625,,1.5297405283267025,0.4697265625,1795
6,heuristic,32,160,0.9248046875,,1.5626047149507702,0.608203125,0
7,budget,32,160,0.9310546875,,1.7810564451450566,0.608984375,2106
7,max-cover,32,160,0.7572265625,,1.7641193283373506,0.4970703125,2106
7,heuristic,32,160,0.931640625,,1.7699764656386212,0.6232421875,0
8,budget,32,160,0.9515625,,1.1622277503322789,0.62265625,2037
8,max-cover,32,160,0.7490234375,,1.1625953820493438,0.4978515625,2037
8,heuristic,32,160,0.925,,1.136356020743331,0.641015625,0
9,budget,32,160,0.9328125,,1.2870504109192984,0.6537109375,1883
9,max-cover,32,160,0.6953125,,1.300123553853081,0.4748046875,1883
9,heuristic,32,160,0.960546875,,1.276845745876512,0.6818359375,0
0,budget,36,160,0.9392361111111112,,1.394640906189399,0.668576388888889,2019
0,max-cover,36,160,0.7314236111111111,,1.4292236213493028,0.4953124999999999,2019
0,heuristic,36,160,0.9105902777777778,,1.3932203824565554,0.632465277777778,0
1,budget,36,160,0.9428819444444444,,1.260738956975822,0.6491319444444446,2129
1,max-cover,36,160,0.7328125,,1.2491481117119625,0.4967013888888888,2129
1,heuristic,36,160,0.8840277777777777,,1.2785116114455148,0.6302083333333334,0
2,budget,36,160,0.9130208333333334,,1.0697538107512807,0.6463541666666668,2145
2,max-cover,36,160,0.6885416666666666,,1.0920055247993117,0.4873263888888889,2145
2,heuristic,36,160,0.9131944444444444,,1.0723010725907116,0.6744791666666672,0
3,budget,36,160,0.9425347222222222,,1.1257629652896606,0.7069444444444447,1805
3,max-cover,36,160,0.6888888888888889,,1.1524467446513218,0.4918402777777778,1805
3,heuristic,36,160,0.8977430555555556,,1.1310199958943412,0.6583333333333334,0
4,budget,36,160,0.9579861111111112,,1.2344905379885942,0.6859375000000001,1923
4,max-cover,36,160,0.6914930555555556,,1.22967013372845,0.5059027777777778,1923
4,heuristic,36,160,0.9333333333333332,,1.223488678404666,0.6656250000000002,0
5,budget,36,160,0.9333333333333332,,1.3136809266007878,0.6576388888888892,2083
5,max-cover,36,160,0.7255208333333334,,1.3022013203972245,0.4920138888888889,2083
5,heuristic,36,160,0.9255208333333332,,1.308801565843443,0.6572916666666668,0
6,budget,36,160,0.9505208333333334,,1.1424893315383224,0.692013888888889,1889
6,max-cover,36,160,0.8041666666666667,,1.1680649213748484,0.5376736111111111,1889
6,heuristic,36,160,0.9293402777777776,,1.1581310405844276,0.666840277777778,0
7,budget,36,160,0.9536458333333332,,1.0932869791674018,0.7298611111111113,1676
7,max-cover,36,160,0.7053819444444445,,1.148082213441134,0.4927083333333334,1676
7,heuristic,36,160,0.8784722222222222,,1.0946002233019845,0.6314236111111111,0
8,budget,36,160,0.9611111111111112,,1.6506047320195265,0.7510416666666673,1558
8,max-cover,36,160,0.6923611111111111,,1.716799457597015,0.5175347222222223,1558
8,heuristic,36,160,0.9192708333333334,,1.6268501866013323,0.6897569444444449,0
9,budget,36,160,0.9625,,1.2518679802583923,0.7145833333333332,1763
9,max-cover,36,160,0.7128472222222222,,1.255858339346758,0.4944444444444446,1763
9,heuristic,36,160,0.9310763888888888,,1.2496704616111165,0.6605902777777778,0
0,budget,40,160,0.9703125,,1.0955194247790836,0.7887499999999997,1482
0,max-cover,40,160,0.6951562499999999,,1.0900445859411811,0.52359375,1482
0,heuristic,40,160,0.88609375,,1.0956094376355596,0.6584375,0
1,budget,40,160,0.97171875,,1.656660586034088,0.8114062499999996,1340
1,max-cover,40,160,0.6934374999999999,,1.6936554330028175,0.5140624999999999,1340
1,heuristic,40,160,0.89984375,,1.6648390793722314,0.7084374999999999,0
2,budget,40,160,0.9625,,1.21088756464609,0.7340625,1822
2,max-cover,40,160,0.67265625,,1.1969440644399854,0.48421875,1822
2,heuristic,40,160,0.87234375,,1.212508213377403,0.6365624999999998,0
3,budget,40,160,0.98640625,,1.4497467190164095,0.7935937499999999,1452
3,max-cover,40,160,0.691875,,1.471673067714677,0.5135937500000001,1452
3,heuristic,40,160,0.8871875,,1.4542934773574705,0.65390625,0
4,budget,40,160,0.97046875,,1.4771699639275435,0.8039062499999996,1387
4,max-cover,40,160,0.6771875,,1.5317350836924506,0.51453125,1387
4,heuristic,40,160,0.8734375,,1.477629814500779,0.644375,0
5,budget,40,160,0.9634375,,0.8935385351528028,0.7699999999999999,1599
5,max-cover,40,160,0.700625,,0.9227073608766392,0.5223437500000001,1599
5,heuristic,40,160,0.923125,,0.8977242109081072,0.7256250000000001,0
6,budget,40,160,0.969375,,1.0804191518769506,0.8182812499999997,1299
6,max-cover,40,160,0.6212500000000001,,1.1163820286322363,0.5039062499999998,1299
6,heuristic,40,160,0.8984375,,1.0757305343906816,0.70234375,0
7,budget,40,160,0.9753125,,0.889564867954306,0.8037499999999996,1388
7,max-cover,40,160,0.7021875,,0.8849227074634299,0.5023437499999999,1388
7,heuristic,40,160,0.850625,,0.8900428082077019,0.6254687499999998,0
8,budget,40,160,0.95546875,,1.282647664361816,0.7190624999999996,1917
8,max-cover,40,160,0.6448437499999999,,1.303064494499146,0.4951562500000001,1917
8,heuristic,40,160,0.91125,,1.3025482694628852,0.6834374999999998,0
9,budget,40,160,0.9434375,,1.3962426596390856,0.7624999999999995,1645
9,max-cover,40,160,0.70796875,,1.4167393014698952,0.5053124999999999,1645
9,heuristic,40,160,0.8865625,,1.4017147415464195,0.6751562499999996,0
