round,method,task,worker,fairness-pairwise,avg-quality,avg-utility
0,max-cover,20,600,0.6340833333333333,8.619304396417402,0.0918333333333333
0,budget,20,600,0.91025,8.943425137629301,0.1140833333333333
0,max-cover,20,1200,0.6765416666666666,25.885634815580925,0.0477083333333333
0,budget,20,1200,0.93875,28.02825865928849,0.060875
1,max-cover,20,600,0.56975,17.998365159073693,0.083
1,budget,20,600,0.8825833333333333,18.3617148516086,0.109
1,max-cover,20,1200,0.713375,39.245858893479024,0.048625
1,budget,20,1200,0.866375,41.2562243064324,0.0607916666666666
2,max-cover,20,600,0.5776666666666667,17.475942621400257,0.0848333333333333
2,budget,20,600,0.91925,17.904587995408157,0.1210833333333333
3,max-cover,20,600,0.505,12.792553685401362,0.0858333333333333
3,budget,20,600,0.82225,13.009546651617056,0.1079166666666666
2,max-cover,20,1200,0.6202083333333333,32.53596013390724,0.044375
2,budget,20,1200,0.8535416666666666,33.82845410962471,0.0517916666666666
4,max-cover,20,600,0.4496666666666666,14.196540754238487,0.0738333333333333
4,budget,20,600,0.8320833333333333,14.572528840955616,0.0984166666666667
3,max-cover,20,1200,0.5797916666666667,22.18552392174486,0.0489166666666666
3,budget,20,1200,0.9185416666666668,23.51776735043616,0.0617083333333333
0,max-cover,40,600,0.3662916666666667,8.123338378459177,0.1185833333333333
0,budget,40,600,0.8942916666666667,8.135432106778445,0.2078749999999999
4,max-cover,20,1200,0.6017083333333333,27.372576881070103,0.044625
4,budget,20,1200,0.89575,28.8013805977754,0.0590416666666667
1,max-cover,40,600,0.4195416666666667,4.982200429028556,0.1246666666666666
1,budget,40,600,0.8216666666666667,5.026589496019357,0.1944583333333333
0,max-cover,40,1200,0.5455625,12.519147290071905,0.0864166666666666
0,budget,40,1200,0.8971458333333333,12.765900755295494,0.1138541666666666
2,max-cover,40,600,0.360625,8.498850663097533,0.1279583333333333
2,budget,40,600,0.903,8.530908644928228,0.2179166666666666
1,max-cover,40,1200,0.5364791666666666,15.72170893083246,0.0873125
1,budget,40,1200,0.9085,16.06957908423259,0.1203124999999999
3,max-cover,40,600,0.4448333333333333,8.488725308294553,0.1286666666666667
3,budget,40,600,0.8687916666666666,8.459901115941722,0.2087083333333332
2,max-cover,40,1200,0.5055208333333333,12.137357330084908,0.0839374999999999
2,budget,40,1200,0.8741041666666667,12.73653412558301,0.1178124999999999
4,max-cover,40,600,0.3950833333333333,4.947521128092145,0.1219166666666666
4,budget,40,600,0.828375,4.935687425153441,0.1948333333333332
3,max-cover,40,1200,0.5892083333333333,10.451019005284389,0.0829791666666666
3,budget,40,1200,0.9138125,10.68304833066382,0.1120208333333333
0,max-cover,60,600,0.2320833333333333,6.84651691897175,0.1303611111111111
0,budget,60,600,0.8818611111111111,6.844999281812931,0.3065277777777777
4,max-cover,40,1200,0.4476666666666666,9.404144002756892,0.0822916666666666
4,budget,40,1200,0.8512708333333333,9.74343918803859,0.1171249999999999
1,max-cover,60,600,0.3173055555555555,5.574365097092192,0.1418888888888889
1,budget,60,600,0.9060833333333334,5.564775913039785,0.3040277777777777
2,max-cover,60,600,0.1796666666666666,4.136498749609563,0.1176666666666666
2,budget,60,600,0.8770555555555556,4.1091728819904825,0.3161388888888886
0,max-cover,60,1200,0.4722638888888889,11.998615915051252,0.1117638888888889
0,budget,60,1200,0.8844583333333333,12.173552249609262,0.157361111111111
3,max-cover,60,600,0.2543055555555555,4.249739357872784,0.1260555555555555
3,budget,60,600,0.9288888888888888,4.263321048734796,0.3205277777777777
1,max-cover,60,1200,0.4431805555555556,9.41915250710813,0.1206805555555555
1,budget,60,1200,0.8766805555555556,9.446285615143138,0.1581388888888888
4,max-cover,60,600,0.2732222222222222,4.717044964426939,0.1425
4,budget,60,600,0.8935277777777778,4.71029889514693,0.3146666666666665
2,max-cover,60,1200,0.5262083333333334,9.068072343858976,0.1207083333333332
2,budget,60,1200,0.8531111111111112,9.070611923316363,0.1615833333333332
0,max-cover,80,600,0.1862708333333333,4.528512553644118,0.1296249999999999
0,budget,80,600,0.9540833333333332,4.5862727705492805,0.4815000000000005
3,max-cover,60,1200,0.4762777777777778,7.967263948516157,0.1162777777777778
3,budget,60,1200,0.8917777777777778,7.991981382590612,0.1697916666666665
1,max-cover,80,600,0.2303541666666666,3.523176911118514,0.1587916666666666
1,budget,80,600,0.9215208333333332,3.512635390206873,0.4666458333333337
4,max-cover,60,1200,0.5871666666666666,9.052030450836495,0.1200694444444444
4,budget,60,1200,0.8786527777777777,8.922388149382995,0.1512083333333332
2,max-cover,80,600,0.192625,3.4391232726891863,0.1261041666666666
2,budget,80,600,0.94175,3.4456469025566774,0.4463333333333334
3,max-cover,80,600,0.188875,2.6830595587810384,0.1285416666666666
3,budget,80,600,0.9391666666666668,2.6798598192615866,0.4625833333333336
0,max-cover,80,1200,0.3565729166666667,6.226679218936268,0.1303541666666666
0,budget,80,1200,0.8750833333333333,6.203001582501037,0.2177395833333334
4,max-cover,80,600,0.255,4.763198622414977,0.1499375
4,budget,80,600,0.9591458333333334,4.749487715061247,0.4571250000000001
1,max-cover,80,1200,0.3703229166666666,6.805802244325577,0.1277499999999999
1,budget,80,1200,0.8117916666666667,6.811807834008556,0.1933020833333333
0,max-cover,100,600,0.2170166666666666,2.176610453908452,0.149
0,budget,100,600,0.9668333333333332,2.1752879331882964,0.5699166666666671
2,max-cover,80,1200,0.3780104166666667,7.764397849070761,0.1256041666666666
2,budget,80,1200,0.8269791666666666,7.601991208387989,0.2111458333333335
1,max-cover,100,600,0.1954,3.806172974757189,0.1435166666666666
1,budget,100,600,0.9508,3.800688051203679,0.5628833333333338
3,max-cover,80,1200,0.4402604166666667,6.014990609233568,0.1365
3,budget,80,1200,0.8616979166666667,6.004420866839964,0.2104062500000001
2,max-cover,100,600,0.1572333333333333,1.8064967343159333,0.1244999999999999
2,budget,100,600,0.9606333333333332,1.8050549069130293,0.576483333333334
4,max-cover,80,1200,0.3923020833333334,4.920349518020707,0.1281354166666666
4,budget,80,1200,0.8765104166666666,4.902153497752687,0.2214270833333334
3,max-cover,100,600,0.2018166666666666,2.1767496745567705,0.1410499999999999
3,budget,100,600,0.9601166666666666,2.18524782173106,0.5576166666666671
0,max-cover,100,1200,0.3325833333333333,4.409385200042693,0.1465083333333333
0,budget,100,1200,0.9003083333333334,4.4081400372546256,0.2617583333333334
4,max-cover,100,600,0.1955,5.161180774873426,0.1576166666666666
4,budget,100,600,0.9628833333333332,5.129777662434702,0.5823333333333336
1,max-cover,100,1200,0.3140083333333333,6.580916501792243,0.1464666666666667
1,budget,100,1200,0.8597833333333333,6.46776837676862,0.2706
0,max-cover,120,600,0.1863055555555555,2.6152169064929254,0.1504722222222221
0,budget,120,600,0.9855416666666666,2.590318237872525,0.7046666666666672
2,max-cover,100,1200,0.4012666666666666,5.213279417152511,0.1573416666666666
2,budget,100,1200,0.8924583333333334,5.226818690586637,0.2627500000000001
1,max-cover,120,600,0.1631388888888889,2.299529155051836,0.1243749999999999
1,budget,120,600,0.9897361111111111,2.2937081701881703,0.7256666666666672
3,max-cover,100,1200,0.3288166666666666,7.5357907958162045,0.1417499999999999
3,budget,100,1200,0.9028083333333332,7.542447649929102,0.2762666666666669
2,max-cover,120,600,0.1839722222222222,2.2084385883789364,0.1508055555555555
2,budget,120,600,0.9797638888888888,2.211008631993166,0.6939722222222225
4,max-cover,100,1200,0.2981416666666666,5.233962834107527,0.1363166666666666
4,budget,100,1200,0.8997416666666667,5.244712282612063,0.2668000000000001
3,max-cover,120,600,0.1946388888888889,2.904039682757006,0.1619722222222222
3,budget,120,600,0.9717638888888888,2.9049671560068884,0.6611111111111111
0,max-cover,120,1200,0.2804027777777778,4.942586730638306,0.1333888888888888
0,budget,120,1200,0.8981666666666667,4.924455094756541,0.327715277777778
4,max-cover,120,600,0.2139999999999999,2.389674567743641,0.1603749999999999
4,budget,120,600,0.9856944444444444,2.3906070558230232,0.6995833333333334
1,max-cover,120,1200,0.2707708333333333,4.46032958055238,0.1249097222222221
1,budget,120,1200,0.8941736111111112,4.43862658109472,0.3190555555555557
0,max-cover,140,600,0.1634047619047619,1.9877163797052244,0.1392738095238095
0,budget,140,600,0.9922738095238096,1.99058424113462,0.8057499999999992
2,max-cover,120,1200,0.2861041666666667,6.161049086301033,0.1490833333333333
2,budget,120,1200,0.8925763888888889,6.168320596295476,0.3160555555555557
1,max-cover,140,600,0.1987499999999999,3.7162588591578274,0.1687619047619048
1,budget,140,600,0.9883928571428572,3.716060188255101,0.8105476190476179
3,max-cover,120,1200,0.2568333333333333,3.7585252322533913,0.1350902777777776
3,budget,120,1200,0.8979930555555555,3.7577949799372847,0.3305625000000001
2,max-cover,140,600,0.1890714285714285,2.916025436155845,0.1576547619047619
2,budget,140,600,0.9860238095238096,2.914998206285601,0.8043809523809525
4,max-cover,120,1200,0.2753472222222222,4.9361442472860215,0.1355902777777777
4,budget,120,1200,0.9292013888888888,4.912423227159863,0.3372847222222224
3,max-cover,140,600,0.1811904761904762,2.386777590647275,0.1505119047619048
3,budget,140,600,0.9920714285714286,2.3916897746815167,0.8226904761904756
4,max-cover,140,600,0.1740357142857143,2.3491717997419377,0.1378928571428571
4,budget,140,600,0.9928928571428572,2.3372769855686824,0.7976547619047613
0,max-cover,140,1200,0.2175595238095238,4.088536698836772,0.1354464285714285
0,budget,140,1200,0.9381845238095238,4.031101325079424,0.3799523809523807
0,max-cover,160,600,0.1381979166666667,2.27624215153744,0.12078125
0,budget,160,600,0.9968958333333332,2.275775109714208,0.9341041666666656
1,max-cover,140,1200,0.2396309523809523,4.002372896222383,0.1481130952380952
1,budget,140,1200,0.9434404761904762,3.996530369366381,0.3963214285714284
1,max-cover,160,600,0.2012604166666667,2.557215663918559,0.1678645833333333
1,budget,160,600,0.9970729166666666,2.5558229318081485,0.936385416666666
2,max-cover,140,1200,0.2631666666666666,4.536830555840291,0.1466845238095238
2,budget,140,1200,0.916904761904762,4.539638660648819,0.3824761904761902
2,max-cover,160,600,0.1614999999999999,2.3070221228321084,0.1424791666666666
2,budget,160,600,0.99790625,2.3024999075627903,0.9493437499999992
3,max-cover,140,1200,0.2282380952380952,5.428684798996009,0.1451369047619047
3,budget,140,1200,0.9165535714285714,5.41298096369529,0.3965178571428566
3,max-cover,160,600,0.1639791666666666,1.3226268342672145,0.1463854166666666
3,budget,160,600,0.99815625,1.3243069840384014,0.945635416666666
4,max-cover,140,1200,0.2246071428571429,4.056630921014949,0.1332499999999999
4,budget,140,1200,0.9295595238095238,4.089276434169205,0.3683869047619045
4,max-cover,160,600,0.1605104166666666,2.069199682739772,0.14125
4,budget,160,600,0.9961666666666666,2.067730780380232,0.9291354166666658
0,max-cover,160,1200,0.192546875,2.310759868010433,0.1302135416666667
0,budget,160,1200,0.9521458333333334,2.3030271606191035,0.4586249999999995
0,max-cover,180,600,0.1750462962962963,1.299357099331353,0.1443425925925926
0,budget,180,600,0.9995092592592592,1.2983764184634372,0.9901388888888883
1,max-cover,160,1200,0.246,3.67434719943244,0.1488437500000001
1,budget,160,1200,0.9500104166666666,3.674072838450007,0.4709791666666661
1,max-cover,180,600,0.172787037037037,1.467169201714274,0.153037037037037
1,budget,180,600,0.99975,1.4670151482531284,0.992685185185186
2,max-cover,160,1200,0.2081666666666667,2.947718520978277,0.1376666666666667
2,budget,160,1200,0.9188541666666666,2.947408816055153,0.4427656249999997
2,max-cover,180,600,0.1531574074074073,1.6200384044581604,0.1447222222222222
2,budget,180,600,0.9996666666666668,1.6196438024847035,0.991953703703704
3,max-cover,160,1200,0.2401562499999999,3.839543252882438,0.1541979166666666
3,budget,160,1200,0.9289791666666668,3.834346206027936,0.4431145833333329
3,max-cover,180,600,0.1606296296296296,1.215580403147848,0.1444166666666666
3,budget,180,600,0.9996388888888889,1.2153383356375174,0.990944444444445
4,max-cover,160,1200,0.1793854166666666,2.779263317970061,0.1274375
4,budget,160,1200,0.9379114583333332,2.778447898748836,0.4549583333333329
4,max-cover,180,600,0.1691574074074073,1.87711359065966,0.1594629629629629
4,budget,180,600,0.9996574074074074,1.879234402584192,0.9903055555555562
0,max-cover,180,1200,0.1795462962962962,4.430548704213347,0.1389814814814814
0,budget,180,1200,0.9576898148148149,4.418652636245281,0.5071388888888894
0,max-cover,200,600,0.1467083333333333,1.372848913259451,0.1364916666666666
0,budget,200,600,0.999925,1.3769338803931557,0.9960500000000012
1,max-cover,180,1200,0.1849768518518518,3.273702350505628,0.1364305555555555
1,budget,180,1200,0.9512175925925926,3.2646806120533705,0.511439814814815
1,max-cover,200,600,0.1487666666666667,1.0116565248715443,0.1382083333333333
1,budget,200,600,0.9997333333333334,1.009679321919491,0.9959000000000012
2,max-cover,180,1200,0.2222314814814815,3.4799594901278064,0.144324074074074
2,budget,180,1200,0.949699074074074,3.478805518728674,0.5159305555555559
2,max-cover,200,600,0.1574499999999999,1.2872816395961264,0.148975
2,budget,200,600,0.9998333333333334,1.2847297820274788,0.9961750000000016
3,max-cover,180,1200,0.1660509259259259,3.14851602211762,0.1298749999999999
3,budget,180,1200,0.9442916666666666,3.1549002055777544,0.50737962962963
3,max-cover,200,600,0.154725,1.352120145096892,0.1461083333333333
3,budget,200,600,0.9997083333333332,1.350269104420787,0.996541666666668
4,max-cover,180,1200,0.1842407407407407,2.492036583935473,0.1393564814814814
4,budget,180,1200,0.9627731481481482,2.4768674810502147,0.5067175925925927
4,max-cover,200,600,0.1537166666666666,0.8482557248603338,0.1431833333333333
4,budget,200,600,0.9998416666666666,0.8558186519474096,0.9957500000000016
0,max-cover,200,1200,0.2084333333333333,3.742961058493522,0.1578166666666667
0,budget,200,1200,0.9666125,3.748885440746511,0.5830083333333342
1,max-cover,200,1200,0.2093041666666666,2.5737895782777445,0.1457333333333334
1,budget,200,1200,0.9608083333333334,2.574064075964296,0.5656833333333341
2,max-cover,200,1200,0.2156583333333332,3.3354486438635846,0.1518583333333333
2,budget,200,1200,0.9585583333333332,3.3285001860260905,0.5656916666666675
3,max-cover,200,1200,0.1832333333333333,2.9780152003853546,0.1424583333333333
3,budget,200,1200,0.9642833333333334,2.971461283804808,0.5755208333333339
4,max-cover,200,1200,0.1847083333333333,2.7355537970874524,0.1435708333333334
4,budget,200,1200,0.9576416666666668,2.740715125652775,0.5868166666666674
5,max-cover,20,600,0.45175,9.152444085727282,0.07425
5,budget,20,600,0.8951666666666667,9.650609900623063,0.1141666666666667
5,max-cover,20,1200,0.612,30.471227817168728,0.0474583333333333
5,budget,20,1200,0.9575416666666666,32.269912266960986,0.059625
6,max-cover,20,600,0.5779166666666666,17.874194528165585,0.0796666666666666
6,budget,20,600,0.9128333333333334,18.37769888779893,0.1129166666666667
6,max-cover,20,1200,0.6857916666666667,19.126398690128024,0.047
6,budget,20,1200,0.9185,20.57210836574073,0.0552916666666666
7,max-cover,20,600,0.4599999999999999,19.390523206238893,0.0753333333333333
7,budget,20,600,0.9379166666666666,19.551238865156435,0.1031666666666666
8,max-cover,20,600,0.5101666666666667,12.824929623589052,0.0780833333333333
8,budget,20,600,0.8499166666666667,13.49676251688768,0.1135
7,max-cover,20,1200,0.6050833333333333,24.801061280506563,0.0527083333333333
7,budget,20,1200,0.9592083333333332,25.81883410971347,0.06625
9,max-cover,20,600,0.407,15.124014639244947,0.0679999999999999
9,budget,20,600,0.933,15.68148440093704,0.1116666666666666
8,max-cover,20,1200,0.4425833333333333,40.75876989825201,0.0415833333333333
8,budget,20,1200,0.9338333333333332,43.17662273846155,0.0650833333333333
5,max-cover,40,600,0.364375,9.90682817242988,0.1293749999999999
5,budget,40,600,0.8749583333333333,10.000490055935249,0.2122499999999999
9,max-cover,20,1200,0.5425833333333333,22.788455429710616,0.0423333333333333
9,budget,20,1200,0.935375,24.74345268052492,0.0640833333333333
6,max-cover,40,600,0.3874999999999999,6.865909451963567,0.1289166666666666
6,budget,40,600,0.848,6.855968413218548,0.2141249999999999
5,max-cover,40,1200,0.5307916666666667,14.952257008049989,0.0776458333333333
5,budget,40,1200,0.8933958333333334,15.511449085273322,0.1117291666666666
7,max-cover,40,600,0.4528333333333333,5.306051273603733,0.1428333333333332
7,budget,40,600,0.8590833333333333,5.394452452144474,0.2076249999999999
6,max-cover,40,1200,0.4969375,16.17150975448991,0.0844791666666666
6,budget,40,1200,0.8729166666666667,16.41613258345546,0.1178958333333333
8,max-cover,40,600,0.3657083333333333,9.771584182071658,0.1306666666666667
8,budget,40,600,0.900375,9.863380554317306,0.2164583333333332
7,max-cover,40,1200,0.5833125,15.744724658903632,0.0851666666666666
7,budget,40,1200,0.9543333333333334,16.373446131703336,0.1209791666666666
9,max-cover,40,600,0.4201666666666667,6.398026653751179,0.1269583333333333
9,budget,40,600,0.84075,6.426870842972453,0.2060416666666666
8,max-cover,40,1200,0.5866666666666667,10.23951393248894,0.08475
8,budget,40,1200,0.8572916666666667,10.502043099916744,0.1064166666666667
5,max-cover,60,600,0.2894166666666666,2.300090882640271,0.1365833333333333
5,budget,60,600,0.8986666666666667,2.3108291656045847,0.3255833333333331
9,max-cover,40,1200,0.4791041666666666,17.632347891921164,0.0770833333333333
9,budget,40,1200,0.8757291666666667,18.21378940012948,0.1156041666666666
6,max-cover,60,600,0.2465833333333333,4.760387301008914,0.1440555555555556
6,budget,60,600,0.8886111111111111,4.766737043500766,0.3304999999999998
5,max-cover,60,1200,0.4674722222222222,8.143800573888793,0.1153055555555555
5,budget,60,1200,0.8556388888888888,8.14959957138751,0.169236111111111
7,max-cover,60,600,0.34975,6.351938440482185,0.1522222222222222
7,budget,60,600,0.8985555555555556,6.324678401519722,0.330722222222222
6,max-cover,60,1200,0.4782222222222222,6.427355512503208,0.1136111111111111
6,budget,60,1200,0.8793472222222223,6.484135880402252,0.1659166666666665
8,max-cover,60,600,0.2899722222222222,4.3515979060973455,0.1366666666666667
8,budget,60,600,0.8901666666666667,4.356063864790741,0.3173611111111111
9,max-cover,60,600,0.2335833333333333,8.286845590668966,0.1263611111111111
9,budget,60,600,0.9247777777777778,8.311424226159167,0.3276111111111109
7,max-cover,60,1200,0.4660694444444444,11.264253072399487,0.1149166666666666
7,budget,60,1200,0.8513472222222223,11.265032331795014,0.166847222222222
5,max-cover,80,600,0.1793333333333333,3.285921214503218,0.1355833333333333
5,budget,80,600,0.9255416666666668,3.285684797380809,0.4508958333333334
8,max-cover,60,1200,0.3853194444444444,10.193262037653383,0.1061805555555556
8,budget,60,1200,0.8758055555555555,10.282268875975682,0.164611111111111
9,max-cover,60,1200,0.5149583333333334,8.710730468304096,0.1141944444444444
9,budget,60,1200,0.8983194444444444,8.736287135158923,0.1643055555555554
6,max-cover,80,600,0.2393541666666666,3.952000583525424,0.1471249999999999
6,budget,80,600,0.9538125,3.950361204176168,0.4304791666666669
7,max-cover,80,600,0.2467708333333333,4.814453692578427,0.1507291666666666
7,budget,80,600,0.9445625,4.820317126166826,0.4491250000000003
5,max-cover,80,1200,0.4248854166666667,4.907446053623452,0.1305
5,budget,80,1200,0.8295208333333334,4.89069375571018,0.2037916666666667
8,max-cover,80,600,0.2078333333333333,3.7773941256047294,0.1376458333333333
8,budget,80,600,0.9543333333333334,3.773114574076212,0.480916666666667
6,max-cover,80,1200,0.3791666666666666,6.365473175105682,0.1275104166666667
6,budget,80,1200,0.8604270833333334,6.389575704878243,0.2189375
9,max-cover,80,600,0.18325,3.079340945800476,0.1252083333333332
9,budget,80,600,0.94025,3.078241215140914,0.4502083333333336
7,max-cover,80,1200,0.3636041666666666,6.163180240322079,0.1204895833333333
7,budget,80,1200,0.86875,6.1576710073957965,0.2244895833333334
5,max-cover,100,600,0.2087833333333333,3.69910416236924,0.1495999999999999
5,budget,100,600,0.9339166666666668,3.7229697074984256,0.5522000000000002
8,max-cover,80,1200,0.4061875,7.898257301992137,0.1332395833333333
8,budget,80,1200,0.8596770833333334,7.950072919730561,0.2117708333333334
6,max-cover,100,600,0.1837833333333333,3.4482631825648142,0.1380333333333332
6,budget,100,600,0.9647833333333332,3.456865269969589,0.5897000000000007
9,max-cover,80,1200,0.4536875,6.8227818569900975,0.13915625
9,budget,80,1200,0.8373645833333333,6.837763115582062,0.2141562500000001
7,max-cover,100,600,0.2098999999999999,3.234298662981974,0.1455999999999999
7,budget,100,600,0.9538166666666666,3.217948147565693,0.545916666666667
8,max-cover,100,600,0.1846,4.191466717839705,0.1442166666666666
8,budget,100,600,0.9592166666666668,4.194073932713287,0.5890166666666672
5,max-cover,100,1200,0.3617333333333333,4.1492180988792855,0.1420666666666666
5,budget,100,1200,0.8776583333333333,4.140336499038541,0.2757750000000001
9,max-cover,100,600,0.2008499999999999,2.0043095141930167,0.1406499999999999
9,budget,100,600,0.9619666666666666,2.005423508217876,0.5663833333333336
6,max-cover,100,1200,0.3418333333333333,5.206062252492238,0.1487416666666666
6,budget,100,1200,0.859175,5.206038324608064,0.2614500000000001
5,max-cover,120,600,0.1685833333333333,3.440819846594327,0.1459999999999999
5,budget,120,600,0.9757777777777776,3.442289099642859,0.6950972222222227
7,max-cover,100,1200,0.352475,7.645897866348689,0.1499083333333334
7,budget,100,1200,0.8641,7.643556096774677,0.2633750000000002
6,max-cover,120,600,0.1972777777777777,2.111719770964428,0.1582638888888888
6,budget,120,600,0.9793055555555557,2.113005983849773,0.7142222222222226
8,max-cover,100,1200,0.2756499999999999,5.983361509039381,0.1321166666666666
8,budget,100,1200,0.908175,5.977119389218919,0.2793666666666669
7,max-cover,120,600,0.1911666666666667,3.2366756426943697,0.1454027777777778
7,budget,120,600,0.9810972222222222,3.2308645427604814,0.6889861111111115
9,max-cover,100,1200,0.2371916666666667,3.407856413467784,0.1231666666666666
9,budget,100,1200,0.8876916666666667,3.427034577765685,0.2668333333333335
8,max-cover,120,600,0.1785277777777777,3.206746799854,0.1474999999999999
8,budget,120,600,0.9777083333333332,3.204942495270793,0.7023888888888893
5,max-cover,120,1200,0.3200902777777777,4.421290511359438,0.1434722222222221
5,budget,120,1200,0.8940486111111111,4.419690696510009,0.3440555555555556
9,max-cover,120,600,0.1935694444444444,1.969276774500568,0.1550555555555555
9,budget,120,600,0.9759305555555556,1.967099916579208,0.6863333333333337
6,max-cover,120,1200,0.3411180555555555,5.119609926384023,0.1448541666666666
6,budget,120,1200,0.9052152777777778,5.115840555680345,0.3238819444444447
5,max-cover,140,600,0.130047619047619,1.2535018212157245,0.1157380952380952
5,budget,140,600,0.9934285714285714,1.2554132443403587,0.8117023809523805
7,max-cover,120,1200,0.3034722222222222,4.350399510642356,0.1434027777777777
7,budget,120,1200,0.9078263888888888,4.351108235145504,0.3405763888888891
6,max-cover,140,600,0.1535357142857143,2.078300968182652,0.1312261904761905
6,budget,140,600,0.985440476190476,2.0745508881055392,0.8014880952380946
8,max-cover,120,1200,0.2499305555555555,5.599720549610256,0.1260277777777776
8,budget,120,1200,0.91025,5.5814548606233325,0.321638888888889
7,max-cover,140,600,0.1635714285714286,2.737954543680914,0.1356666666666666
7,budget,140,600,0.9942857142857144,2.7449275951763314,0.8247857142857138
8,max-cover,140,600,0.1780119047619047,3.1801937009343173,0.1561309523809524
8,budget,140,600,0.9899166666666668,3.183071671604079,0.8153690476190466
9,max-cover,120,1200,0.2562847222222222,4.8003393809361805,0.130736111111111
9,budget,120,1200,0.8890347222222222,4.79727667132993,0.3132222222222223
9,max-cover,140,600,0.2061904761904761,3.352595641051332,0.1593452380952381
9,budget,140,600,0.9881428571428572,3.360090746178647,0.7880119047619041
5,max-cover,140,1200,0.2722857142857142,3.611684847887576,0.1583690476190475
5,budget,140,1200,0.9159940476190476,3.602540477449054,0.3810952380952378
5,max-cover,160,600,0.2023333333333333,1.6574377155481417,0.1762604166666667
5,budget,160,600,0.9945208333333332,1.653846855083988,0.9064895833333324
6,max-cover,140,1200,0.2337261904761904,4.947263927957328,0.1363630952380952
6,budget,140,1200,0.9152321428571428,4.948463599698191,0.3884345238095235
6,max-cover,160,600,0.1571354166666666,1.7917912452739595,0.1359166666666666
6,budget,160,600,0.9962291666666668,1.7850592307151338,0.920885416666666
7,max-cover,140,1200,0.2638571428571429,4.398516160067286,0.1390059523809523
7,budget,140,1200,0.9312142857142858,4.395351967958193,0.3734047619047616
7,max-cover,160,600,0.1566354166666667,1.8221298521253328,0.14471875
7,budget,160,600,0.99453125,1.816068568946255,0.9177812499999992
8,max-cover,140,1200,0.2518333333333333,3.952296867779356,0.149797619047619
8,budget,140,1200,0.9195892857142858,3.946016991140765,0.3889999999999997
8,max-cover,160,600,0.1511458333333333,2.1296360770082936,0.13784375
8,budget,160,600,0.9956770833333334,2.133883783872626,0.9229270833333324
9,max-cover,140,1200,0.26575,3.1420019332239995,0.1414940476190476
9,budget,140,1200,0.9068571428571428,3.139930708086728,0.3816845238095235
9,max-cover,160,600,0.1784479166666667,2.1281278083699213,0.1544583333333333
9,budget,160,600,0.9967604166666668,2.1275306700371064,0.9120312499999988
5,max-cover,160,1200,0.20584375,3.842465582710264,0.137078125
5,budget,160,1200,0.9367864583333332,3.850067690492496,0.4606614583333329
5,max-cover,180,600,0.1406944444444444,1.892203208078576,0.1293148148148148
5,budget,180,600,0.9995925925925926,1.8903577447737927,0.9889074074074078
6,max-cover,160,1200,0.2104739583333333,3.401382543123085,0.1487604166666666
6,budget,160,1200,0.9282135416666668,3.39288512707009,0.4607552083333328
6,max-cover,180,600,0.1224444444444444,1.4035839069187508,0.1163796296296296
6,budget,180,600,0.9997592592592592,1.4003459521294694,0.9902685185185188
7,max-cover,160,1200,0.2427812499999999,3.5344452616788367,0.1438125
7,budget,160,1200,0.9335677083333334,3.5176723961250302,0.438411458333333
7,max-cover,180,600,0.1613425925925925,1.4958955550576067,0.1430092592592592
7,budget,180,600,0.9994444444444444,1.5012506951021571,0.9859814814814826
8,max-cover,160,1200,0.237453125,3.957895384512759,0.148671875
8,budget,160,1200,0.9283645833333334,3.941668770231745,0.4342916666666663
8,max-cover,180,600,0.1782592592592592,1.2020772609596415,0.1541666666666666
8,budget,180,600,0.9994907407407408,1.2020758001456755,0.9912870370370382
9,max-cover,160,1200,0.1904687499999999,3.1474202030789185,0.1356614583333334
9,budget,160,1200,0.92740625,3.15512498460012,0.4432083333333327
9,max-cover,180,600,0.1551111111111111,1.265066691782588,0.1408888888888889
9,budget,180,600,0.9995277777777778,1.2659082886074982,0.989537037037038
5,max-cover,180,1200,0.1865972222222222,3.424519694519284,0.1326759259259259
5,budget,180,1200,0.9605138888888888,3.4100867825335066,0.5259537037037038
5,max-cover,200,600,0.154525,1.3377608881925758,0.1504666666666666
5,budget,200,600,0.9998166666666668,1.3344651001798735,0.995975000000001
6,max-cover,180,1200,0.2231666666666666,4.493185222746831,0.1541342592592592
6,budget,180,1200,0.9552314814814816,4.494070137579173,0.5188148148148154
6,max-cover,200,600,0.176925,1.414998338756198,0.1563083333333333
6,budget,200,600,0.9998166666666668,1.4210809352226954,0.996483333333335
7,max-cover,200,600,0.1544083333333333,1.1318688299678907,0.1446833333333333
7,budget,200,600,0.9997,1.1467085697355004,0.9954333333333344
7,max-cover,180,1200,0.2148472222222222,2.6143218060389786,0.1437592592592592
7,budget,180,1200,0.9591574074074074,2.612927863973725,0.5034351851851855
8,max-cover,200,600,0.1831666666666667,1.1579506306701086,0.1576166666666666
8,budget,200,600,0.9997666666666668,1.1575397174853534,0.9956916666666684
8,max-cover,180,1200,0.1674629629629629,3.333957124618048,0.1343888888888888
8,budget,180,1200,0.9536666666666668,3.33026750318282,0.5281712962962963
9,max-cover,200,600,0.1564499999999999,1.0213694183743562,0.1478083333333333
9,budget,200,600,0.999775,1.023398813501008,0.9961333333333344
9,max-cover,180,1200,0.1953842592592592,2.508019555982337,0.1441018518518518
9,budget,180,1200,0.9520833333333332,2.509033398874001,0.5100925925925931
5,max-cover,200,1200,0.184525,2.9685365102317087,0.1462833333333333
5,budget,200,1200,0.9622916666666668,2.971830666118915,0.5744625000000008
6,max-cover,200,1200,0.2086708333333333,3.235830031245902,0.1477416666666667
6,budget,200,1200,0.963025,3.243601090372373,0.5699500000000006
7,max-cover,200,1200,0.1945041666666667,3.1227383279927734,0.1428416666666667
7,budget,200,1200,0.9630875,3.115978420188409,0.5877708333333341
8,max-cover,200,1200,0.1929499999999999,2.0717442668478268,0.1386375
8,budget,200,1200,0.9546333333333332,2.074845995315792,0.5614375000000004
9,max-cover,200,1200,0.1821458333333333,2.9725180813973333,0.1365708333333333
9,budget,200,1200,0.9623541666666666,2.9813089785989404,0.5638375000000007
0,heuristic,20,600,0.94175,11.35375245397951,0.1135
1,heuristic,20,600,0.9666666666666668,14.43169704405229,0.1179166666666666
2,heuristic,20,600,0.9495,14.7988088309255,0.1103333333333333
3,heuristic,20,600,0.959,16.96016813821848,0.11625
4,heuristic,20,600,0.8670833333333333,13.15124156703016,0.12225
5,heuristic,20,600,0.9640833333333332,14.352090052432825,0.1064999999999999
6,heuristic,20,600,0.94425,20.69546814669414,0.11375
7,heuristic,20,600,0.9554166666666668,13.810372602443834,0.1129166666666666
8,heuristic,20,600,0.9808333333333332,18.47958784140806,0.1153333333333333
9,heuristic,20,600,0.9766666666666668,17.53200583021335,0.1129999999999999
0,heuristic,40,600,0.653875,10.36945912226272,0.1588333333333333
1,heuristic,40,600,0.7159166666666666,6.527168260597891,0.1794166666666666
2,heuristic,40,600,0.657625,7.143329639715107,0.169125
3,heuristic,40,600,0.6769583333333333,8.511643815048721,0.1661666666666666
4,heuristic,40,600,0.5470833333333334,7.497767780705618,0.1522916666666666
5,heuristic,40,600,0.6187083333333334,5.909710012920024,0.1671666666666666
6,heuristic,40,600,0.6076250000000001,5.661342187885604,0.1668333333333333
7,heuristic,40,600,0.6281666666666667,5.9411384874409325,0.15825
8,heuristic,40,600,0.6211666666666666,7.066469157593642,0.1547083333333332
9,heuristic,40,600,0.6960416666666667,9.154776396142754,0.1733749999999999
0,heuristic,60,600,0.5314444444444444,6.604941690602868,0.1988611111111111
1,heuristic,60,600,0.4479722222222222,5.33183555157691,0.1735833333333333
2,heuristic,60,600,0.4524444444444444,3.1276676530452394,0.1731111111111111
3,heuristic,60,600,0.4983055555555555,4.360831861916341,0.1871111111111111
4,heuristic,60,600,0.5281388888888889,3.7860157239613934,0.1854166666666667
5,heuristic,60,600,0.5383611111111111,4.3764565384626914,0.1978611111111111
6,heuristic,60,600,0.3696666666666667,4.603926339704288,0.1478333333333333
7,heuristic,60,600,0.4841388888888889,3.761549445334025,0.1896666666666667
8,heuristic,60,600,0.5301388888888889,2.493982179193965,0.1743611111111111
9,heuristic,60,600,0.4832499999999999,4.645884191633689,0.1929166666666666
0,heuristic,80,600,0.3703541666666666,5.297563863990092,0.1881666666666666
1,heuristic,80,600,0.3933124999999999,2.8650195736697346,0.1879374999999999
2,heuristic,80,600,0.4660208333333333,5.82311662449809,0.2351458333333332
3,heuristic,80,600,0.3959375,4.1447748412562815,0.1925625
4,heuristic,80,600,0.4849375,4.683491577357161,0.2193333333333333
5,heuristic,80,600,0.3597916666666666,1.964205993685424,0.1751458333333333
6,heuristic,80,600,0.4069374999999999,5.413080456441887,0.1939999999999999
7,heuristic,80,600,0.3684166666666666,4.007223699751401,0.1970416666666666
8,heuristic,80,600,0.3921041666666667,5.403902737676705,0.1851874999999998
9,heuristic,80,600,0.4035416666666667,6.071276750194431,0.1908958333333332
0,heuristic,100,600,0.3475833333333333,2.1660205746808967,0.2008333333333333
1,heuristic,100,600,0.4415333333333333,4.32854431681611,0.2406833333333332
2,heuristic,100,600,0.4298499999999999,3.0601187917371675,0.2331
3,heuristic,100,600,0.3882,2.730516941913732,0.2218499999999999
4,heuristic,100,600,0.3647,3.22781650728305,0.21115
5,heuristic,100,600,0.3622499999999999,1.5855044742242577,0.1997666666666666
6,heuristic,100,600,0.4016499999999999,3.188226450170211,0.2121166666666666
7,heuristic,100,600,0.38495,2.101579047585018,0.2062
8,heuristic,100,600,0.4103333333333333,5.033190780636828,0.2303999999999998
9,heuristic,100,600,0.3774333333333333,3.413169469328021,0.2054499999999999
0,heuristic,120,600,0.3350972222222222,1.6153641278596498,0.205861111111111
1,heuristic,120,600,0.3546111111111111,2.793086762965056,0.2046527777777776
2,heuristic,120,600,0.2954861111111111,2.101929138125005,0.1874583333333333
3,heuristic,120,600,0.4087361111111111,3.083169106708143,0.2406805555555555
4,heuristic,120,600,0.3272638888888889,1.6623997005414817,0.2000555555555555
5,heuristic,120,600,0.3353194444444444,2.392178429547215,0.2023194444444443
6,heuristic,120,600,0.3632222222222222,2.685640259934257,0.2283749999999999
7,heuristic,120,600,0.3794999999999999,2.006954915112376,0.2267638888888889
8,heuristic,120,600,0.4049722222222222,3.68756536325536,0.2524722222222221
9,heuristic,120,600,0.3440972222222223,2.291662725169952,0.2225833333333332
0,heuristic,140,600,0.3545,2.5186040472947835,0.238095238095238
1,heuristic,140,600,0.3610714285714286,1.8052408957778847,0.2236547619047618
2,heuristic,140,600,0.3685595238095238,2.6986541099386465,0.2421547619047618
3,heuristic,140,600,0.3370238095238095,2.749860616907604,0.2214404761904762
4,heuristic,140,600,0.3276190476190476,2.3315351433452043,0.2221666666666666
5,heuristic,140,600,0.3543928571428572,2.135174062998733,0.228547619047619
6,heuristic,140,600,0.3911547619047619,2.598695890644311,0.2612738095238095
7,heuristic,140,600,0.3931071428571429,2.6966560168104423,0.2534642857142856
8,heuristic,140,600,0.2898571428571428,0.9240930732531248,0.2031071428571428
9,heuristic,140,600,0.3412142857142857,1.944929901979305,0.2378333333333333
0,heuristic,160,600,0.357125,1.953763682720584,0.2470104166666667
1,heuristic,160,600,0.3589583333333334,1.6335314437007415,0.2478958333333334
2,heuristic,160,600,0.3609895833333333,2.6905917338072305,0.2528020833333333
3,heuristic,160,600,0.345,1.9523112938221168,0.2476354166666667
4,heuristic,160,600,0.35490625,2.8307425834264204,0.2396145833333333
5,heuristic,160,600,0.32159375,2.888119804780969,0.2265
6,heuristic,160,600,0.3440833333333333,2.5335825000323235,0.2411145833333334
7,heuristic,160,600,0.33721875,2.8981118144806164,0.2440833333333334
8,heuristic,160,600,0.3282395833333333,1.5771223115202224,0.22390625
9,heuristic,160,600,0.3166979166666667,1.387704074821947,0.2209166666666667
0,heuristic,180,600,0.3772962962962963,1.8050729778601988,0.2589351851851851
1,heuristic,180,600,0.3497962962962962,1.194446463813229,0.2550648148148148
2,heuristic,180,600,0.3107685185185185,1.2721433090564735,0.2254166666666666
3,heuristic,180,600,0.3268703703703703,1.9892518292312564,0.2311944444444444
4,heuristic,180,600,0.3322592592592592,1.3937385266894835,0.2305185185185184
5,heuristic,180,600,0.2983796296296296,1.657347223900822,0.217861111111111
6,heuristic,180,600,0.3242962962962963,1.6213022729522395,0.2336944444444444
7,heuristic,180,600,0.356787037037037,1.5786912432512483,0.2503055555555555
8,heuristic,180,600,0.34225,2.072226380223829,0.2451203703703702
9,heuristic,180,600,0.3518425925925925,2.521974901104266,0.2727685185185185
0,heuristic,200,600,0.2996333333333333,0.8745036513545098,0.227425
1,heuristic,200,600,0.3565916666666666,1.806245833466572,0.267
2,heuristic,200,600,0.3286916666666667,1.5898150249984957,0.2558749999999999
3,heuristic,200,600,0.3031,1.5809150689913225,0.222175
4,heuristic,200,600,0.3357833333333333,1.4497416543278252,0.2542083333333333
5,heuristic,200,600,0.3347166666666666,1.320681702111284,0.2531083333333333
6,heuristic,200,600,0.347875,1.533459633888353,0.2618833333333334
7,heuristic,200,600,0.3345416666666666,1.919092430076868,0.250675
8,heuristic,200,600,0.3117999999999999,1.2850599925153672,0.2354666666666666
9,heuristic,200,600,0.3297,1.506950950474733,0.2482583333333333
0,heuristic,20,1200,0.9777083333333332,37.4661987152392,0.0642916666666666
1,heuristic,20,1200,0.96425,26.82390315730902,0.0676666666666666
2,heuristic,20,1200,0.92775,22.045961741944986,0.0624166666666666
3,heuristic,20,1200,0.9350416666666668,26.18121256726129,0.0597083333333333
4,heuristic,20,1200,0.9704583333333332,19.70127899170667,0.058
5,heuristic,20,1200,0.9907083333333332,26.207041471526416,0.06075
6,heuristic,20,1200,0.9749583333333334,23.841893651865394,0.0661249999999999
7,heuristic,20,1200,0.9585416666666666,28.5524354951854,0.0645833333333333
8,heuristic,20,1200,0.997375,25.99433857081417,0.0626249999999999
9,heuristic,20,1200,0.9755416666666666,28.80453330708736,0.0655833333333333
0,heuristic,40,1200,0.8250208333333333,12.067097877399622,0.113
1,heuristic,40,1200,0.8742916666666667,13.191101980717583,0.1163958333333332
2,heuristic,40,1200,0.8399166666666666,15.70070391842035,0.1136249999999999
3,heuristic,40,1200,0.8849583333333333,16.380972757875483,0.1166458333333333
4,heuristic,40,1200,0.943,17.70515012207327,0.1228749999999999
5,heuristic,40,1200,0.8903125000000001,8.438130780050983,0.1240833333333333
6,heuristic,40,1200,0.9267708333333332,15.977276840659144,0.1218124999999999
7,heuristic,40,1200,0.9170416666666666,15.356192797777734,0.1250208333333333
8,heuristic,40,1200,0.9180416666666666,16.598701062301014,0.1214999999999999
9,heuristic,40,1200,0.918375,12.15242899512738,0.1246249999999999
0,heuristic,60,1200,0.8157777777777777,8.335365047380519,0.1570972222222221
1,heuristic,60,1200,0.7940833333333334,7.871448493713008,0.1549027777777777
2,heuristic,60,1200,0.7466388888888889,12.081259976871946,0.1573472222222222
3,heuristic,60,1200,0.8968611111111111,10.36469390394629,0.1624583333333333
4,heuristic,60,1200,0.7338472222222222,10.09239023242381,0.1454444444444444
5,heuristic,60,1200,0.8208611111111112,9.255621599634228,0.1508333333333332
6,heuristic,60,1200,0.8196666666666667,10.151624104254015,0.1550833333333332
7,heuristic,60,1200,0.7874027777777778,10.431031540026805,0.1551944444444443
8,heuristic,60,1200,0.7485138888888889,10.443785979697454,0.1463333333333333
9,heuristic,60,1200,0.776625,7.740024046857213,0.1360972222222222
0,heuristic,80,1200,0.6142708333333333,5.075218568859114,0.1647604166666666
1,heuristic,80,1200,0.6483645833333334,5.713776225553972,0.1687604166666667
2,heuristic,80,1200,0.6344479166666667,7.097436918120562,0.1656041666666667
3,heuristic,80,1200,0.7161770833333334,11.049906177362178,0.1793124999999999
4,heuristic,80,1200,0.7017916666666666,8.426686041401243,0.1775
5,heuristic,80,1200,0.6180520833333334,8.472845632004903,0.1617083333333332
6,heuristic,80,1200,0.6104895833333333,8.380734688906367,0.1646145833333333
7,heuristic,80,1200,0.6533541666666667,7.93532184797368,0.1678541666666666
8,heuristic,80,1200,0.6318541666666666,5.959872645082191,0.1640208333333333
9,heuristic,80,1200,0.6010208333333333,7.881101571542125,0.1640104166666667
0,heuristic,100,1200,0.5604916666666666,5.445216446423131,0.1802833333333333
1,heuristic,100,1200,0.5412083333333333,8.048016419163107,0.1803583333333333
2,heuristic,100,1200,0.5431833333333334,7.020396757254854,0.1817333333333333
3,heuristic,100,1200,0.5599583333333333,6.57475745908086,0.1809999999999999
4,heuristic,100,1200,0.5349833333333334,6.629308969197373,0.17185
5,heuristic,100,1200,0.553375,6.13806900563176,0.17465
6,heuristic,100,1200,0.4965083333333333,6.505303306431648,0.1708166666666666
7,heuristic,100,1200,0.567,4.5869316071008654,0.1731583333333333
8,heuristic,100,1200,0.6036916666666667,5.010522661311563,0.1846
9,heuristic,100,1200,0.5713166666666667,8.419992440356598,0.1933500000000001
0,heuristic,120,1200,0.5326527777777778,6.263285300467141,0.1996319444444443
1,heuristic,120,1200,0.4871944444444445,5.452384962258853,0.1863055555555555
2,heuristic,120,1200,0.4985277777777778,6.416004726999825,0.1825208333333333
3,heuristic,120,1200,0.4840555555555555,3.1155829819921683,0.1866597222222222
4,heuristic,120,1200,0.4657083333333333,4.732600979392838,0.1759375
5,heuristic,120,1200,0.5231597222222222,3.9315877790457807,0.1947430555555555
6,heuristic,120,1200,0.4282152777777778,5.909184052773673,0.1777013888888888
7,heuristic,120,1200,0.4941597222222222,5.996839573381151,0.1891805555555554
8,heuristic,120,1200,0.5340555555555555,5.410313770549879,0.1966666666666665
9,heuristic,120,1200,0.4519236111111111,4.669651158121853,0.1754166666666666
0,heuristic,140,1200,0.4382619047619047,4.330548004452463,0.1857857142857142
1,heuristic,140,1200,0.479202380952381,3.479930836820782,0.2051488095238093
2,heuristic,140,1200,0.4265595238095238,4.461549071767007,0.1814107142857141
3,heuristic,140,1200,0.4080714285714285,3.682782944540556,0.1885297619047619
4,heuristic,140,1200,0.4490714285714285,3.1678556576823977,0.1964821428571428
5,heuristic,140,1200,0.439047619047619,4.269753653401703,0.1857559523809522
6,heuristic,140,1200,0.4343928571428571,3.3238013197982803,0.1830119047619047
7,heuristic,140,1200,0.4273809523809524,5.036772564967468,0.1926190476190475
8,heuristic,140,1200,0.4634642857142856,6.3319301942387325,0.2009761904761904
9,heuristic,140,1200,0.4441130952380953,3.691301227638848,0.190720238095238
0,heuristic,160,1200,0.44229687500000003,4.038958926563412,0.20328645833333336
