round,method,task,worker,fairness-pairwise,avg-quality,avg-utility,turn
0,budget,20,800,0.889875,19.49752706247812,0.08475,14727
0,max-cover,20,800,0.515,17.567771431522416,0.0608749999999999,14727
0,heuristic,20,800,0.9928125,19.673526471162788,0.0866874999999999,0
1,budget,20,800,0.94025,16.0862741517817,0.08675,14696
1,max-cover,20,800,0.5722499999999999,15.287314500406543,0.069375,14696
1,heuristic,20,800,0.988375,16.103050908245283,0.0875,0
2,budget,20,800,0.892,19.7562544294418,0.085375,14714
2,max-cover,20,800,0.4097499999999999,19.044458277687745,0.059,14714
2,heuristic,20,800,0.980875,20.00846102354699,0.095625,0
3,budget,20,800,0.8898125,12.820881066186775,0.0925624999999999,14602
3,max-cover,20,800,0.5509999999999999,12.20219994963161,0.068375,14602
3,heuristic,20,800,0.951625,13.047767638908985,0.1011249999999999,0
4,budget,20,800,0.9389375,12.753334091380289,0.08825,14668
4,max-cover,20,800,0.6339375,12.268784432291238,0.0652499999999999,14668
4,heuristic,20,800,0.913625,12.724283688048777,0.086125,0
5,budget,20,800,0.8291875,13.377217161417573,0.0816875,14770
5,max-cover,20,800,0.6476875,13.176394998719042,0.0683749999999999,14770
5,heuristic,20,800,0.9296875,13.56735512385094,0.0905625,0
6,budget,20,800,0.9405625,18.07762302573793,0.0858124999999999,14707
6,max-cover,20,800,0.59975,18.24739111820071,0.0706875,14707
6,heuristic,20,800,0.96475,18.062863679640607,0.0917499999999999,0
7,budget,20,800,0.9068125,16.890095483303593,0.085,14723
7,max-cover,20,800,0.560875,17.26919971724987,0.063375,14723
7,heuristic,20,800,0.9801875,17.054519425804756,0.0960625,0
8,budget,20,800,0.8846875,16.17484627180591,0.0877499999999999,14679
8,max-cover,20,800,0.5965625,15.272161484888418,0.0691249999999999,14679
8,heuristic,20,800,0.9455,16.38715313068588,0.0916249999999999,0
9,budget,20,800,0.84275,20.070825323949403,0.0778125,14832
9,max-cover,20,800,0.5928125,20.12619875748943,0.065625,14832
9,heuristic,20,800,0.9678125,20.13014652683351,0.0876875,0
0,budget,40,800,0.8160000000000001,4.74721101418522,0.1685312499999999,26745
0,max-cover,40,800,0.4586875,4.732944342621996,0.1171562499999999,26745
0,heuristic,40,800,0.778375,4.713692191553378,0.1583124999999999,0
1,budget,40,800,0.822375,8.280363377221622,0.1511874999999999,27289
1,max-cover,40,800,0.4536249999999999,8.212073726333244,0.106,27289
1,heuristic,40,800,0.76765625,8.283632447626648,0.1500312499999999,0
2,budget,40,800,0.8336875,6.067902876731811,0.1471562499999999,27415
2,max-cover,40,800,0.5135624999999999,6.015795097298224,0.1168749999999999,27415
2,heuristic,40,800,0.8443125,6.047965972975359,0.15290625,0
3,budget,40,800,0.8935,7.828941048099082,0.1518124999999999,27267
3,max-cover,40,800,0.45821875,7.636485863713567,0.110375,27267
3,heuristic,40,800,0.82075,7.843759294750406,0.1430312499999999,0
4,budget,40,800,0.8236875,7.699131074802752,0.1580312499999999,27072
4,max-cover,40,800,0.5311250000000001,7.738644816622918,0.1150312499999999,27072
4,heuristic,40,800,0.790875,7.701820999672162,0.1504062499999999,0
5,budget,40,800,0.8745625,8.74454373586913,0.1719062499999999,26639
5,max-cover,40,800,0.43859375,8.780815990647238,0.10946875,26639
5,heuristic,40,800,0.7155625,8.748106938709068,0.15103125,0
6,budget,40,800,0.8750625,7.423006627894061,0.1613437499999999,26972
6,max-cover,40,800,0.5291874999999999,7.50366072368683,0.118125,26972
6,heuristic,40,800,0.831875,7.418231642229829,0.16171875,0
7,budget,40,800,0.8238125000000001,10.01417442894846,0.1527499999999999,27239
7,max-cover,40,800,0.4854374999999999,10.028182114709317,0.1138125,27239
7,heuristic,40,800,0.81978125,10.032042492991224,0.15409375,0
8,budget,40,800,0.8164375,10.146947178363163,0.1517187499999999,27270
8,max-cover,40,800,0.4420937499999999,10.08602098691638,0.1060624999999999,27270
8,heuristic,40,800,0.81259375,10.164870541145962,0.1533124999999999,0
9,budget,40,800,0.9024375,4.04539313617422,0.1645937499999999,26867
9,max-cover,40,800,0.42796875,4.083457264492447,0.101875,26867
9,heuristic,40,800,0.7029687499999999,4.026920658941277,0.14034375,0
0,budget,60,800,0.8935625,6.099537385253035,0.2438541666666664,36493
0,max-cover,60,800,0.436875,6.109320233464987,0.1428125,36493
0,heuristic,60,800,0.6253958333333334,6.091731716842751,0.1757916666666666,0
1,budget,60,800,0.9226875,7.171582083630496,0.2461666666666666,36383
1,max-cover,60,800,0.396625,7.66167835072737,0.1349791666666667,36383
1,heuristic,60,800,0.6242708333333333,7.163848374518103,0.1762291666666667,0
2,budget,60,800,0.8777708333333334,3.5562147790515235,0.2417083333333331,36593
2,max-cover,60,800,0.3726041666666666,3.5828056870612683,0.133875,36593
2,heuristic,60,800,0.5588958333333334,3.555687484932936,0.1647291666666666,0
3,budget,60,800,0.8740416666666666,5.712038049694945,0.2278124999999999,37250
3,max-cover,60,800,0.3919375,5.893097192341797,0.1353958333333333,37250
3,heuristic,60,800,0.7070000000000001,5.7185273174804365,0.1862083333333333,0
4,budget,60,800,0.8698958333333333,4.203384060723985,0.2476666666666666,36311
4,max-cover,60,800,0.3270625,4.242150037174167,0.1323333333333333,36311
4,heuristic,60,800,0.5293541666666667,4.215968827675541,0.1681041666666667,0
5,budget,60,800,0.8779375,3.9182897632572926,0.2387916666666665,36732
5,max-cover,60,800,0.3911875,4.045966798940392,0.151875,36732
5,heuristic,60,800,0.6677708333333333,3.900322922360604,0.190125,0
6,budget,60,800,0.8747291666666667,6.444530350754709,0.2307499999999999,37112
6,max-cover,60,800,0.4486666666666666,6.550506431418475,0.1415833333333334,37112
6,heuristic,60,800,0.6166458333333333,6.431856679206425,0.1760208333333333,0
7,budget,60,800,0.8708541666666667,6.779008625736866,0.2464166666666665,36373
7,max-cover,60,800,0.4081041666666667,6.756937052209531,0.1478958333333334,36373
7,heuristic,60,800,0.6390833333333333,6.813937868102718,0.1868958333333333,0
8,budget,60,800,0.899,5.330732229575832,0.2508958333333332,36160
8,max-cover,60,800,0.3436041666666667,5.505425376384898,0.1324583333333334,36160
8,heuristic,60,800,0.6140416666666666,5.320186407851987,0.1832708333333333,0
9,budget,60,800,0.8845625,4.369514892229458,0.2408333333333332,36635
9,max-cover,60,800,0.4037916666666666,4.446254745704668,0.1405416666666667,36635
9,heuristic,60,800,0.6621458333333333,4.375270976165794,0.18525,0
0,budget,80,800,0.908640625,4.4501229140994365,0.3369843750000001,42704
0,max-cover,80,800,0.20725,4.439887194958729,0.1212968749999999,42704
0,heuristic,80,800,0.467234375,4.456024050705705,0.1743124999999999,0
1,budget,80,800,0.919515625,3.509686134620388,0.3269687500000002,43337
1,max-cover,80,800,0.302109375,3.5209175836862387,0.131484375,43337
1,heuristic,80,800,0.469609375,3.511679232154043,0.1734375,0
2,budget,80,800,0.887640625,4.979432560348123,0.3321093750000002,43014
2,max-cover,80,800,0.30559375,5.018418453247869,0.1443593749999999,43014
2,heuristic,80,800,0.47884375,4.991427110556884,0.1902031249999999,0
3,budget,80,800,0.89025,5.198888366191754,0.3305468750000001,43111
3,max-cover,80,800,0.368671875,5.245203509613177,0.1765624999999999,43111
3,heuristic,80,800,0.549375,5.205315496576421,0.213546875,0
4,budget,80,800,0.92434375,3.192562746834016,0.3180781250000001,43899
4,max-cover,80,800,0.281625,3.19153138219478,0.136234375,43899
4,heuristic,80,800,0.4747187499999999,3.194935961478573,0.1758906249999999,0
5,budget,80,800,0.918140625,5.541481648451468,0.3209531250000002,43717
5,max-cover,80,800,0.298734375,5.532382665762215,0.1479374999999999,43717
5,heuristic,80,800,0.503515625,5.530461943670447,0.1854374999999999,0
6,budget,80,800,0.896234375,2.816583061425223,0.3222343750000003,43636
6,max-cover,80,800,0.3495,2.847035054020215,0.1611718749999999,43636
6,heuristic,80,800,0.5644687500000001,2.8232603842023263,0.20484375,0
7,budget,80,800,0.936640625,4.021423686414425,0.3508281250000001,41829
7,max-cover,80,800,0.2347656249999999,4.00772910720276,0.1251874999999999,41829
7,heuristic,80,800,0.4296093749999999,4.026159935915598,0.16975,0
8,budget,80,800,0.90496875,3.882935912955928,0.3220000000000001,43651
8,max-cover,80,800,0.271484375,3.9614267106910113,0.1437656249999999,43651
8,heuristic,80,800,0.506734375,3.877443432932342,0.2002812499999999,0
9,budget,80,800,0.862625,3.3329276186568544,0.3199843750000001,43780
9,max-cover,80,800,0.22246875,3.284655281842747,0.1256874999999999,43780
9,heuristic,80,800,0.403921875,3.317835805763695,0.1760312499999999,0
0,budget,100,800,0.9237,3.9797917866278896,0.4225625000000004,46536
0,max-cover,100,800,0.2780125,4.00906081645557,0.1581874999999999,46536
0,heuristic,100,800,0.4554749999999999,3.982384615234151,0.2107749999999999,0
1,budget,100,800,0.9185,4.930709863038456,0.4313750000000003,45838
1,max-cover,100,800,0.21065,4.950141492969384,0.1346499999999999,45838
1,heuristic,100,800,0.3913,4.933255406300541,0.1763874999999999,0
2,budget,100,800,0.9325,3.949470387263078,0.4243125000000002,46397
2,max-cover,100,800,0.2351875,3.941705597848283,0.1365374999999999,46397
2,heuristic,100,800,0.4118625,3.952950695204278,0.1884625,0
3,budget,100,800,0.9508875,3.200936908142304,0.4238250000000003,46436
3,max-cover,100,800,0.232975,3.207574504451455,0.143725,46436
3,heuristic,100,800,0.4149125,3.1946499972670885,0.193125,0
4,budget,100,800,0.936475,3.4196761936980686,0.4247125000000003,46366
4,max-cover,100,800,0.2155,3.645340365442413,0.1352874999999999,46366
4,heuristic,100,800,0.4003624999999999,3.426884015747498,0.189725,0
5,budget,100,800,0.90585,3.651879988082471,0.4022625000000002,48143
5,max-cover,100,800,0.2926375,3.6417236191108624,0.1587874999999999,48143
5,heuristic,100,800,0.4496875,3.637325341968028,0.2154625,0
6,budget,100,800,0.935025,2.965872373451204,0.4225500000000003,46536
6,max-cover,100,800,0.2466749999999999,2.995932910884185,0.1409625,46536
6,heuristic,100,800,0.4397375,2.9657835838296767,0.192575,0
7,budget,100,800,0.90515,4.440268468853537,0.4130000000000004,47292
7,max-cover,100,800,0.2317749999999999,4.441336229770752,0.1497624999999999,47292
7,heuristic,100,800,0.4687,4.445306902554792,0.2082374999999999,0
8,budget,100,800,0.9373125,3.125215302050445,0.4315500000000003,45823
8,max-cover,100,800,0.1916999999999999,3.12687268024584,0.1316,45823
8,heuristic,100,800,0.3833999999999999,3.132366187833152,0.1859374999999999,0
9,budget,100,800,0.9437875,3.161729168236316,0.4153,47110
9,max-cover,100,800,0.2522875,3.1785230153965336,0.1447,47110
9,heuristic,100,800,0.4113375,3.163683703083837,0.1923374999999999,0
0,budget,120,800,0.95975,2.259062128781252,0.5052708333333338,47900
0,max-cover,120,800,0.2285833333333333,2.285632965041501,0.1468749999999999,47900
0,heuristic,120,800,0.3898020833333333,2.2629400354355096,0.1976562499999999,0
1,budget,120,800,0.9517708333333332,3.4932503882449093,0.5104062500000004,47412
1,max-cover,120,800,0.2124166666666667,3.5087058885583136,0.1532083333333332,47412
1,heuristic,120,800,0.409375,3.4930262551636995,0.214125,0
2,budget,120,800,0.9522083333333332,2.430543899957121,0.5082604166666669,47616
2,max-cover,120,800,0.1843854166666666,2.4473550660428978,0.1440520833333333,47616
2,heuristic,120,800,0.3829479166666667,2.430519667597738,0.2050312499999999,0
3,budget,120,800,0.9333541666666668,4.618623295337272,0.4924583333333336,49120
3,max-cover,120,800,0.1936770833333333,4.646950165210719,0.1423124999999999,49120
3,heuristic,120,800,0.4175208333333333,4.614832565119062,0.2054166666666665,0
4,budget,120,800,0.9526458333333332,4.596973389124132,0.5238645833333336,46131
4,max-cover,120,800,0.2097916666666667,4.583724884818696,0.1505104166666666,46131
4,heuristic,120,800,0.3821979166666667,4.613885480854689,0.2055104166666666,0
5,budget,120,800,0.941,2.8443851416947674,0.502072916666667,48205
5,max-cover,120,800,0.2246145833333332,2.848649768664345,0.1540520833333332,48205
5,heuristic,120,800,0.4332708333333334,2.8455368781434034,0.2159479166666666,0
6,budget,120,800,0.9604270833333334,2.0135519167823364,0.519322916666667,46563
6,max-cover,120,800,0.1978541666666666,2.045140600090825,0.1454791666666665,46563
6,heuristic,120,800,0.4139166666666667,2.016955855149426,0.2144791666666666,0
7,budget,120,800,0.95784375,1.585604333095351,0.529229166666667,45620
7,max-cover,120,800,0.1835624999999999,1.6159909441119815,0.1342291666666666,45620
7,heuristic,120,800,0.3667604166666667,1.5882506600641402,0.1960312499999998,0
8,budget,120,800,0.9375833333333332,2.4322160171156084,0.5062812500000003,47804
8,max-cover,120,800,0.1943645833333332,2.4453629130449688,0.1374583333333333,47804
8,heuristic,120,800,0.3840208333333333,2.444886730947672,0.2010104166666667,0
9,budget,120,800,0.9407395833333332,2.8877039944255327,0.5109270833333337,47363
9,max-cover,120,800,0.23521875,2.869346893242088,0.1708333333333332,47363
9,heuristic,120,800,0.4156458333333334,2.893622414452544,0.2263749999999999,0
0,budget,140,800,0.9638482142857144,1.5946702912706143,0.5787589285714284,47644
0,max-cover,140,800,0.1831874999999999,1.592411647479107,0.1366339285714286,47644
0,heuristic,140,800,0.3591428571428571,1.5946591051606662,0.1996071428571428,0
1,budget,140,800,0.9576607142857144,2.554728920220356,0.6072499999999995,44478
1,max-cover,140,800,0.2001874999999999,2.574782336944303,0.1521071428571428,44478
1,heuristic,140,800,0.3843928571428571,2.5602858769320176,0.2186696428571427,0
2,budget,140,800,0.96275,2.779666859343014,0.6147142857142851,43648
2,max-cover,140,800,0.1821874999999999,2.7929472227000787,0.1462857142857143,43648
2,heuristic,140,800,0.3534553571428571,2.784613052504481,0.2112142857142857,0
3,budget,140,800,0.9659375,2.608813046315756,0.610946428571428,44067
3,max-cover,140,800,0.1926160714285714,2.725590148072288,0.1480892857142857,44067
3,heuristic,140,800,0.3556964285714286,2.6181971374790027,0.2089374999999999,0
4,budget,140,800,0.9692767857142855,2.5171266535940986,0.6002499999999996,45255
4,max-cover,140,800,0.2017857142857142,2.524937935189802,0.1501607142857143,45255
4,heuristic,140,800,0.3949553571428571,2.519054512310072,0.2176071428571428,0
5,budget,140,800,0.9740714285714286,2.0764839388939684,0.6053392857142852,44690
5,max-cover,140,800,0.1866875,2.086197646016328,0.1273928571428571,44690
5,heuristic,140,800,0.3485892857142857,2.076494912069552,0.1915089285714285,0
6,budget,140,800,0.9709375,1.7861237555860818,0.6067053571428567,44538
6,max-cover,140,800,0.1842767857142857,1.791925320237746,0.1456071428571428,44538
6,heuristic,140,800,0.3461517857142857,1.7869988598465003,0.2062410714285713,0
7,budget,140,800,0.9592946428571428,2.208372605233192,0.5883392857142852,46580
7,max-cover,140,800,0.2229999999999999,2.2041612617271964,0.1580625,46580
7,heuristic,140,800,0.3922410714285714,2.208356995953749,0.2200892857142856,0
8,budget,140,800,0.9670982142857144,1.9931109492475367,0.6119999999999999,43949
8,max-cover,140,800,0.2086339285714286,2.0005497352500905,0.1478928571428571,43949
8,heuristic,140,800,0.3873928571428571,1.995415257894941,0.2207589285714285,0
9,budget,140,800,0.9754464285714286,2.1262937805324094,0.6172767857142851,43362
9,max-cover,140,800,0.1990535714285713,2.129377164560957,0.1505625,43362
9,heuristic,140,800,0.3485178571428571,2.125775848246924,0.2098660714285714,0
0,budget,160,800,0.9803828125,1.8859825917956696,0.7004374999999989,38908
0,max-cover,160,800,0.1776171875,1.911158406892876,0.1466875,38908
0,heuristic,160,800,0.3379062499999999,1.8863027576527505,0.2134765625000001,0
1,budget,160,800,0.9756484375,2.113164053762454,0.6734296874999992,42344
1,max-cover,160,800,0.2149765624999999,2.13141378682547,0.1653984375,42344
1,heuristic,160,800,0.4149453125,2.113379206982225,0.2448828125000001,0
2,budget,160,800,0.9744375,1.6770801915956557,0.6933046874999994,39816
2,max-cover,160,800,0.1801171875,1.6915716565521273,0.1471875,39816
2,heuristic,160,800,0.35609375,1.679059196024005,0.21953125,0
3,budget,160,800,0.9863046875,1.307184779843784,0.7018046874999991,38734
3,max-cover,160,800,0.1443359374999999,1.3099954478486495,0.1135703125,38734
3,heuristic,160,800,0.3009921875,1.3057907709429617,0.180078125,0
4,budget,160,800,0.9757109375,2.128621690744517,0.6763828124999991,41969
4,max-cover,160,800,0.2080390625,2.1284580266463093,0.154,41969
4,heuristic,160,800,0.373890625,2.1355413767095746,0.2306796875000001,0
5,budget,160,800,0.9740390625,2.1030352043764937,0.6839687499999993,41004
5,max-cover,160,800,0.18834375,2.102107806928491,0.1503671875,41004
5,heuristic,160,800,0.3451328125,2.103979187499041,0.2190234375,0
6,budget,160,800,0.9752421875,2.504483316497347,0.7085312499999992,37880
6,max-cover,160,800,0.188203125,2.4923108779884355,0.150453125,37880
6,heuristic,160,800,0.3752890625,2.5015092234692142,0.2245703125000001,0
7,budget,160,800,0.9762265625,2.728765760982533,0.6849765624999989,40875
7,max-cover,160,800,0.197015625,2.734998736217289,0.16059375,40875
7,heuristic,160,800,0.3632578125,2.7326526977959267,0.228921875,0
8,budget,160,800,0.9741875,1.4780605712502584,0.6843984374999994,40948
8,max-cover,160,800,0.1885234375,1.5041884818686062,0.149421875,40948
8,heuristic,160,800,0.3416875,1.478454309224467,0.216171875,0
9,budget,160,800,0.9794140625,2.2242880797321503,0.712367187499999,37391
9,max-cover,160,800,0.1789921875,2.2312935068221176,0.1446875,37391
9,heuristic,160,800,0.3531875,2.2264934145448008,0.212609375,0
0,budget,180,800,0.9892083333333334,2.569256695709255,0.7823472222222227,31974
0,max-cover,180,800,0.1910625,2.5886496335390268,0.1630555555555555,31974
0,heuristic,180,800,0.3614652777777778,2.5728646104626707,0.242159722222222,0
1,budget,180,800,0.9846458333333332,1.7881592855178223,0.7947499999999996,30198
1,max-cover,180,800,0.1998958333333333,1.7812988566455734,0.1590555555555556,30198
1,heuristic,180,800,0.3780416666666667,1.794036047448944,0.2399583333333331,0
2,budget,180,800,0.9871041666666668,1.1172241984338454,0.7819236111111114,32035
2,max-cover,180,800,0.1840416666666666,1.1146127787361058,0.1465902777777777,32035
2,heuristic,180,800,0.3677708333333334,1.118967951565035,0.2226458333333332,0
3,budget,180,800,0.9868611111111112,2.055461265228864,0.7859583333333333,31458
3,max-cover,180,800,0.1967013888888888,2.069353771425477,0.1607361111111111,31458
3,heuristic,180,800,0.3523680555555555,2.05997447629008,0.2358124999999998,0
4,budget,180,800,0.9845486111111112,2.8494443765555144,0.7791319444444447,32437
4,max-cover,180,800,0.1824305555555555,2.85415078316604,0.1379791666666666,32437
4,heuristic,180,800,0.3620138888888888,2.846462141549657,0.2280138888888887,0
5,budget,180,800,0.9934375,1.4454075895436709,0.7999166666666672,29457
5,max-cover,180,800,0.1731041666666666,1.4469955683890094,0.1487708333333333,29457
5,heuristic,180,800,0.3565763888888889,1.4489080752428916,0.2261388888888888,0
6,budget,180,800,0.9844722222222222,1.3467398116147342,0.7706527777777784,33648
6,max-cover,180,800,0.1705138888888888,1.361643599442242,0.1519583333333333,33648
6,heuristic,180,800,0.3365138888888889,1.3559882780084331,0.2280763888888888,0
7,budget,180,800,0.9891875,1.9121024999584424,0.8014722222222221,29236
7,max-cover,180,800,0.1452013888888889,1.9214897306491583,0.1319166666666666,29236
7,heuristic,180,800,0.3221458333333333,1.9126632196735376,0.2127083333333332,0
8,budget,180,800,0.9915069444444444,1.6397098082970556,0.8007500000000006,29339
8,max-cover,180,800,0.1688888888888888,1.6357076949485263,0.1449444444444444,29339
8,heuristic,180,800,0.3295902777777778,1.6384721037068162,0.2164027777777777,0
9,budget,180,800,0.984625,1.904826061852897,0.7779791666666676,32601
9,max-cover,180,800,0.1669583333333333,1.908686219477802,0.1452916666666666,32601
9,heuristic,180,800,0.3309027777777777,1.9078040358479933,0.2195833333333332,0
0,budget,200,800,0.99385,1.70782623895296,0.8828500000000012,19458
0,max-cover,200,800,0.1486937499999999,1.7078306206893972,0.1308062499999999,19458
0,heuristic,200,800,0.2982125,1.7123618960163804,0.2168,0
1,budget,200,800,0.99405,2.4775925561613463,0.8914062500000018,18098
1,max-cover,200,800,0.1640812499999999,2.47827735393402,0.14544375,18098
1,heuristic,200,800,0.33108125,2.4788721226213024,0.23298125,0
2,budget,200,800,0.99605,1.166488461758337,0.8942562500000021,17643
2,max-cover,200,800,0.1530249999999999,1.1711577852367436,0.1281062499999999,17643
2,heuristic,200,800,0.30538125,1.171767572119112,0.2126750000000001,0
3,budget,200,800,0.99494375,1.2291346586354113,0.8938750000000019,17707
3,max-cover,200,800,0.1417874999999999,1.2366109897412878,0.12588125,17707
3,heuristic,200,800,0.2835062499999999,1.2324216505803678,0.194425,0
4,budget,200,800,0.99291875,1.9847312102656351,0.8851000000000019,19101
4,max-cover,200,800,0.15600625,1.982020792395751,0.1305,19101
4,heuristic,200,800,0.303125,1.986701935522895,0.2070625,0
5,budget,200,800,0.99545625,1.710451341289047,0.8684312500000014,21755
5,max-cover,200,800,0.1681,1.7600092904708953,0.1465625,21755
5,heuristic,200,800,0.339025,1.716354593887298,0.2326000000000001,0
6,budget,200,800,0.99190625,1.4133470594751951,0.8692125000000014,21628
6,max-cover,200,800,0.19106875,1.4096487559679245,0.15671875,21628
6,heuristic,200,800,0.3542937499999999,1.4111489964317814,0.2334875,0
7,budget,200,800,0.99510625,1.5415160375862624,0.8792187500000013,20035
7,max-cover,200,800,0.1527312499999999,1.5449740576775886,0.1372499999999999,20035
7,heuristic,200,800,0.304925,1.5447668019870249,0.2172937500000001,0
8,budget,200,800,0.9950375,1.508978942076614,0.8692062500000014,21634
8,max-cover,200,800,0.1482124999999999,1.5124513759880085,0.13435,21634
8,heuristic,200,800,0.3216687499999999,1.508818727675721,0.2186375,0
9,budget,200,800,0.9959875,1.3028294554535071,0.8893625000000014,18423
9,max-cover,200,800,0.15985,1.3025557702552035,0.14116875,18423
9,heuristic,200,800,0.318975,1.3025604575175702,0.2257250000000001,0
0,budget,20,1600,0.8745937500000001,29.673912842963773,0.04453125,30660
0,max-cover,20,1600,0.6200625,27.41045197702706,0.0373125,30660
0,heuristic,20,1600,0.99771875,30.769796998199823,0.05159375,0
1,budget,20,1600,0.9056875,33.16772163823059,0.043375,30694
1,max-cover,20,1600,0.63525,30.493874886254343,0.0346875,30694
1,heuristic,20,1600,0.90021875,33.6804168011471,0.0460937499999999,0
2,budget,20,1600,0.886875,23.32455407187993,0.04621875,30614
2,max-cover,20,1600,0.7595625,21.40333681674053,0.04221875,30614
2,heuristic,20,1600,0.99734375,24.19188730175793,0.05028125,0
3,budget,20,1600,0.94140625,31.943555222302244,0.04659375,30599
3,max-cover,20,1600,0.6066875,30.37488542126804,0.0401875,30599
3,heuristic,20,1600,0.995125,32.69118100338899,0.04803125,0
4,budget,20,1600,0.833875,37.1361696082737,0.044625,30654
4,max-cover,20,1600,0.64703125,37.806854324899504,0.03484375,30654
4,heuristic,20,1600,0.95796875,38.70570241774433,0.0508125,0
5,budget,20,1600,0.86809375,26.72955449474752,0.04725,30574
5,max-cover,20,1600,0.7621875,25.24978358586961,0.041125,30574
5,heuristic,20,1600,0.95315625,27.161014961342563,0.052875,0
6,budget,20,1600,0.85159375,31.22481981905544,0.04215625,30734
6,max-cover,20,1600,0.71484375,29.73782594070146,0.03471875,30734
6,heuristic,20,1600,0.98834375,31.91646826797841,0.04578125,0
7,budget,20,1600,0.9431875,30.828286249104924,0.04646875,30598
7,max-cover,20,1600,0.5275000000000001,27.854064290334964,0.0335624999999999,30598
7,heuristic,20,1600,0.9821875,31.412318531931383,0.0479375,0
8,budget,20,1600,0.9408125,29.11372443780931,0.04540625,30629
8,max-cover,20,1600,0.66234375,27.79257392119545,0.03725,30629
8,heuristic,20,1600,0.90375,29.35272606796541,0.044875,0
9,budget,20,1600,0.8478125,31.17035175500024,0.04653125,30597
9,max-cover,20,1600,0.63325,30.00658854796781,0.0363125,30597
9,heuristic,20,1600,0.97234375,32.00925438905658,0.04971875,0
0,budget,40,1600,0.9150625,16.945282752583147,0.0963281249999999,58012
0,max-cover,40,1600,0.5798749999999999,16.5856059279224,0.0684375,58012
0,heuristic,40,1600,0.955203125,17.24688131166536,0.1021093749999999,0
1,budget,40,1600,0.846734375,19.429823348531063,0.082515625,58874
1,max-cover,40,1600,0.733640625,19.067592062603445,0.0683281249999999,58874
1,heuristic,40,1600,0.944125,19.71835537596896,0.0916874999999999,0
2,budget,40,1600,0.92134375,16.457734113313983,0.0944687499999999,58126
2,max-cover,40,1600,0.506390625,16.185611040900493,0.0659062499999999,58126
2,heuristic,40,1600,0.9821875,16.634431356073684,0.1003437499999999,0
3,budget,40,1600,0.86325,11.86139699277124,0.08828125,58512
3,max-cover,40,1600,0.5922499999999999,11.145368263092475,0.0683749999999999,58512
3,heuristic,40,1600,0.972609375,12.039076035043603,0.0960624999999999,0
4,budget,40,1600,0.8568125,16.785445467206824,0.086015625,58658
4,max-cover,40,1600,0.4835625,16.110325005426724,0.058109375,58658
4,heuristic,40,1600,0.704171875,16.69905088179084,0.0844218749999999,0
5,budget,40,1600,0.94996875,9.89178062215729,0.0947031249999999,58118
5,max-cover,40,1600,0.5765781249999999,9.498587345222983,0.0689687499999999,58118
5,heuristic,40,1600,0.948671875,10.049197240801188,0.0993749999999999,0
6,budget,40,1600,0.89371875,13.188376806138464,0.0897499999999999,58420
6,max-cover,40,1600,0.6131718749999999,12.635021093145024,0.0691562499999999,58420
6,heuristic,40,1600,0.911203125,13.33315410491456,0.0957968749999999,0
7,budget,40,1600,0.91578125,18.11432095493588,0.0939687499999999,58157
7,max-cover,40,1600,0.59871875,17.88866940626442,0.069125,58157
7,heuristic,40,1600,0.96175,18.42753290320691,0.0935781249999999,0
8,budget,40,1600,0.917265625,15.738730880268722,0.0917499999999999,58298
8,max-cover,40,1600,0.61409375,15.190449528968664,0.0674531249999999,58298
8,heuristic,40,1600,0.938515625,15.756367679964637,0.0949999999999999,0
9,budget,40,1600,0.90203125,15.65150988399525,0.0891249999999999,58462
9,max-cover,40,1600,0.5859375,14.95095046645218,0.067515625,58462
9,heuristic,40,1600,0.884859375,15.70205601813285,0.0925312499999999,0
0,budget,60,1600,0.9073645833333334,8.703250515578814,0.1262708333333333,84095
0,max-cover,60,1600,0.5136354166666667,8.428805927276942,0.09021875,84095
0,heuristic,60,1600,0.7733333333333333,8.64753127119834,0.1212187499999999,0
1,budget,60,1600,0.9279375,10.252673629915323,0.1299374999999998,83747
1,max-cover,60,1600,0.4991041666666667,10.115663004499345,0.0915520833333333,83747
1,heuristic,60,1600,0.9089479166666666,10.33453945524957,0.1349999999999998,0
2,budget,60,1600,0.8989479166666666,8.48123866440027,0.1252604166666666,84194
2,max-cover,60,1600,0.5350625,8.45404555513949,0.0894166666666666,84194
2,heuristic,60,1600,0.88634375,8.528254835705775,0.1303437499999998,0
3,budget,60,1600,0.8585729166666667,10.328627101716249,0.1260624999999999,84113
3,max-cover,60,1600,0.4841458333333334,10.233625137289613,0.09328125,84113
3,heuristic,60,1600,0.8625833333333334,10.342298570015764,0.1301874999999999,0
4,budget,60,1600,0.85546875,10.216952198197012,0.1228124999999999,84419
4,max-cover,60,1600,0.5459479166666666,10.100444725805728,0.0928749999999999,84419
4,heuristic,60,1600,0.8791979166666667,10.268948160951744,0.1267604166666665,0
5,budget,60,1600,0.8921875,9.088724199767638,0.1290833333333332,83829
5,max-cover,60,1600,0.526375,8.86270882063393,0.09059375,83829
5,heuristic,60,1600,0.8918125,9.124930026071702,0.1352395833333333,0
6,budget,60,1600,0.8898958333333333,9.426200937840436,0.1273541666666665,83991
6,max-cover,60,1600,0.54534375,9.27101514789824,0.0931770833333333,83991
6,heuristic,60,1600,0.8862395833333333,9.398643065746295,0.1339062499999999,0
7,budget,60,1600,0.8591145833333333,11.509269698473751,0.1256666666666666,84152
7,max-cover,60,1600,0.4732083333333333,11.355843651720765,0.0909791666666666,84152
7,heuristic,60,1600,0.9007708333333332,11.49176670201059,0.1342395833333332,0
8,budget,60,1600,0.8861770833333333,13.304215346478877,0.1302499999999999,83720
8,max-cover,60,1600,0.4336979166666667,13.184701076594669,0.0873125,83720
8,heuristic,60,1600,0.897625,13.296065940113898,0.1356666666666666,0
9,budget,60,1600,0.8534166666666667,8.768007616917275,0.1338541666666665,83382
9,max-cover,60,1600,0.4775,8.451973402555941,0.0884479166666667,83382
9,heuristic,60,1600,0.8567708333333334,8.815259979432154,0.1376145833333332,0
0,budget,80,1600,0.85215625,5.842458767518302,0.1613437500000001,107610
0,max-cover,80,1600,0.490265625,5.867530598973813,0.1143671875,107610
0,heuristic,80,1600,0.6381875,5.852291521457152,0.1419140625,0
1,budget,80,1600,0.883953125,10.18686391463238,0.1666015625,106948
1,max-cover,80,1600,0.4967109374999999,10.268549983879284,0.114765625,106948
1,heuristic,80,1600,0.75525,10.189855721350051,0.15353125,0
2,budget,80,1600,0.8410390624999999,8.484105038814203,0.1641718750000001,107256
2,max-cover,80,1600,0.497359375,8.551202664259016,0.12209375,107256
2,heuristic,80,1600,0.839046875,8.494355946645406,0.1584140625000001,0
3,budget,80,1600,0.878984375,5.193012470272891,0.1611171875000001,107639
3,max-cover,80,1600,0.5145078125,5.355477802067332,0.1183437499999999,107639
3,heuristic,80,1600,0.78640625,5.200023835799255,0.146390625,0
4,budget,80,1600,0.8791171875,6.89715503989027,0.1663984375,106973
4,max-cover,80,1600,0.5315703125,6.898294262078535,0.12684375,106973
4,heuristic,80,1600,0.7946875,6.899081260101831,0.1604374999999999,0
5,budget,80,1600,0.870671875,10.683343238657883,0.1674687500000001,106841
5,max-cover,80,1600,0.5225390624999999,10.826536776438754,0.126109375,106841
5,heuristic,80,1600,0.832046875,10.664682477814534,0.16359375,0
6,budget,80,1600,0.8306953125000001,8.207438127346643,0.1541640625000001,108526
6,max-cover,80,1600,0.5005234375000001,8.17080510073549,0.1192265625,108526
6,heuristic,80,1600,0.8550234375,8.235262015452943,0.1617578125000001,0
7,budget,80,1600,0.8250703125000001,10.6569695336571,0.150609375,108970
7,max-cover,80,1600,0.512921875,10.737419192419582,0.1129453125,108970
7,heuristic,80,1600,0.8189140625,10.676729380730674,0.153203125,0
8,budget,80,1600,0.8575468749999999,8.123988985655817,0.16128125,107623
8,max-cover,80,1600,0.5296093749999999,8.323629361949854,0.120328125,107623
8,heuristic,80,1600,0.7796328125,8.21116059410859,0.1586953125,0
9,budget,80,1600,0.8759140625,6.76989370829042,0.162984375,107403
9,max-cover,80,1600,0.5303359375000001,6.80582370698726,0.117703125,107403
9,heuristic,80,1600,0.797265625,6.786300053610728,0.1493359375,0
0,budget,100,1600,0.87079375,4.911489143915108,0.1984250000000002,128573
0,max-cover,100,1600,0.47164375,4.8094614188719165,0.12605,128573
0,heuristic,100,1600,0.6952625,4.917321405523579,0.1578312500000001,0
1,budget,100,1600,0.85518125,6.447079098408917,0.2090875000000002,126883
1,max-cover,100,1600,0.4796749999999999,6.507894352811142,0.14184375,126883
1,heuristic,100,1600,0.68478125,6.459061906700914,0.1686875,0
2,budget,100,1600,0.8663125,8.319242099653332,0.201175,128138
2,max-cover,100,1600,0.44424375,8.322587695184497,0.1252625,128138
2,heuristic,100,1600,0.6423875,8.321519242216711,0.16221875,0
3,budget,100,1600,0.85899375,6.422168309209077,0.19696875,128804
3,max-cover,100,1600,0.5032687499999999,6.465953454224034,0.1350625,128804
3,heuristic,100,1600,0.6925,6.429263790370609,0.16655625,0
4,budget,100,1600,0.87844375,6.672415010044602,0.1936125,129335
4,max-cover,100,1600,0.46118125,6.841031318825223,0.1325624999999999,129335
4,heuristic,100,1600,0.6936125,6.658216067895449,0.1714625,0
5,budget,100,1600,0.8647812500000001,6.5212674286441175,0.2048625000000001,127553
5,max-cover,100,1600,0.393425,6.591454083646527,0.1305875,127553
5,heuristic,100,1600,0.6739875,6.593866253309821,0.1630625,0
6,budget,100,1600,0.8679125,6.927360036304296,0.1972375000000001,128761
6,max-cover,100,1600,0.42471875,6.956321708840299,0.12499375,128761
6,heuristic,100,1600,0.6497875,6.909654631064387,0.15660625,0
7,budget,100,1600,0.86536875,7.37388982379585,0.1957937500000002,128991
7,max-cover,100,1600,0.4840124999999999,7.379879560483989,0.1368874999999999,128991
7,heuristic,100,1600,0.69445625,7.400846240661954,0.17209375,0
8,budget,100,1600,0.84548125,6.253259853603193,0.1983437500000001,128585
8,max-cover,100,1600,0.458075,6.27581868342906,0.12781875,128585
8,heuristic,100,1600,0.67959375,6.243621262440082,0.1617125,0
9,budget,100,1600,0.8571375,5.997148271631221,0.2019,128022
9,max-cover,100,1600,0.4313875,5.912302669908487,0.13006875,128022
9,heuristic,100,1600,0.6472125,6.011696423515881,0.16543125,0
0,budget,120,1600,0.830265625,5.455240996191203,0.2383333333333335,146623
0,max-cover,120,1600,0.3485520833333333,5.552196375565367,0.1368125,146623
0,heuristic,120,1600,0.577234375,5.452082369151726,0.166640625,0
1,budget,120,1600,0.859515625,5.629052949571773,0.2399843750000002,146310
1,max-cover,120,1600,0.4097083333333333,5.69836374212218,0.1487135416666665,146310
1,heuristic,120,1600,0.6384947916666667,5.637071919811006,0.1871406250000001,0
2,budget,120,1600,0.846046875,5.205190847116245,0.2392343750000001,146452
2,max-cover,120,1600,0.3573645833333333,5.480289408212472,0.1330052083333332,146452
2,heuristic,120,1600,0.5433697916666667,5.238377377569887,0.1659427083333333,0
3,budget,120,1600,0.8695260416666667,4.93725120387652,0.2400989583333334,146289
3,max-cover,120,1600,0.409203125,4.949617283349747,0.1493749999999999,146289
3,heuristic,120,1600,0.61415625,4.96171917682319,0.1807604166666666,0
4,budget,120,1600,0.8532916666666667,6.941726578195542,0.2362656250000002,147017
4,max-cover,120,1600,0.3635729166666667,6.969592564656218,0.134265625,147017
4,heuristic,120,1600,0.5800104166666666,6.939882380748287,0.1700052083333333,0
5,budget,120,1600,0.8819166666666667,4.705646721793661,0.2457187500000001,145217
5,max-cover,120,1600,0.3591666666666666,4.726402245424926,0.1442239583333333,145217
5,heuristic,120,1600,0.5792447916666666,4.715703848855963,0.1767604166666666,0
6,budget,120,1600,0.8494635416666667,6.672531440007719,0.235046875,147249
6,max-cover,120,1600,0.3481145833333333,6.724115814402167,0.1356718749999999,147249
6,heuristic,120,1600,0.5405052083333333,6.668126264954915,0.1691354166666666,0
7,budget,120,1600,0.8771041666666667,5.408195645396437,0.2508072916666668,144248
7,max-cover,120,1600,0.3461666666666666,5.463674384726728,0.1331614583333333,144248
7,heuristic,120,1600,0.5377864583333334,5.412186674889182,0.168203125,0
8,budget,120,1600,0.8779375,4.659418549587327,0.2413489583333335,146051
8,max-cover,120,1600,0.307,4.658094243552286,0.127875,146051
8,heuristic,120,1600,0.5418958333333334,4.658726163466854,0.1614010416666666,0
9,budget,120,1600,0.9097604166666666,4.9312932275337005,0.2472031250000002,144936
9,max-cover,120,1600,0.3212812499999999,4.967843529437665,0.1313281249999998,144936
9,heuristic,120,1600,0.5396145833333333,4.93415937853639,0.1654999999999999,0
0,budget,140,1600,0.9053660714285714,4.769549565866698,0.2726071428571426,163374
0,max-cover,140,1600,0.2910044642857142,4.813224139491046,0.1267991071428571,163374
0,heuristic,140,1600,0.510875,4.768191847870157,0.1680357142857142,0
1,budget,140,1600,0.8920401785714286,5.381077683024106,0.2883080357142853,159882
1,max-cover,140,1600,0.3131428571428571,5.390343344631421,0.1324062499999999,159882
1,heuristic,140,1600,0.4938883928571428,5.382173919241974,0.1640312499999998,0
2,budget,140,1600,0.8889464285714286,4.6135820685452815,0.2808883928571426,161533
2,max-cover,140,1600,0.3782455357142857,4.615375410763728,0.1544151785714284,161533
2,heuristic,140,1600,0.5812142857142857,4.620092942499133,0.1925580357142856,0
3,budget,140,1600,0.9072098214285714,4.088808894275222,0.2829330357142856,161078
3,max-cover,140,1600,0.2927589285714286,4.101782151721678,0.1340357142857142,161078
3,heuristic,140,1600,0.5089375,4.094475132559819,0.1668437499999998,0
4,budget,140,1600,0.9006339285714285,3.5331337155580727,0.2833392857142854,160987
4,max-cover,140,1600,0.3182723214285714,3.5469103718412223,0.1385669642857142,160987
4,heuristic,140,1600,0.5266026785714286,3.547556713756163,0.1759419642857142,0
5,budget,140,1600,0.8698883928571428,4.610307670948667,0.272660714285714,163364
5,max-cover,140,1600,0.3461875,4.570848891369219,0.147830357142857,163364
5,heuristic,140,1600,0.5493482142857142,4.606585972999065,0.1836160714285713,0
6,budget,140,1600,0.8817767857142857,4.195780218571757,0.2793928571428569,161865
6,max-cover,140,1600,0.2965,4.261478892755637,0.1405223214285714,161865
6,heuristic,140,1600,0.4933482142857143,4.210821760890335,0.1741741071428571,0
0,budget,20,1200,0.91225,27.228452100195888,0.0604166666666666,22636
0,max-cover,20,1200,0.5760000000000001,25.304647595191494,0.0462083333333333,22636
0,heuristic,20,1200,0.951125,27.1749174684916,0.0684583333333333,0
1,budget,20,1200,0.9097083333333332,12.26411024868008,0.054375,22776
1,max-cover,20,1200,0.6347499999999999,11.493436552595217,0.045,22776
1,heuristic,20,1200,0.9950416666666668,12.50422248315158,0.0608333333333333,0
2,budget,20,1200,0.949625,27.447366996820527,0.0559999999999999,22735
2,max-cover,20,1200,0.5700000000000001,26.97289454963764,0.0436666666666666,22735
2,heuristic,20,1200,0.9954583333333332,27.6627835274944,0.0580833333333333,0
3,budget,20,1200,0.8670833333333333,23.15004314713483,0.0575416666666666,22697
3,max-cover,20,1200,0.65625,22.466225892468067,0.0475833333333333,22697
3,heuristic,20,1200,0.99625,23.60838690440044,0.062875,0
4,budget,20,1200,0.91375,30.036304234643985,0.0603333333333333,22640
4,max-cover,20,1200,0.5389583333333333,28.03910317920502,0.0428333333333333,22640
4,heuristic,20,1200,0.9947916666666666,30.25613802824125,0.0632083333333333,0
5,budget,20,1200,0.9647083333333332,21.311818499881696,0.059625,22651
5,max-cover,20,1200,0.673,20.65013058879444,0.05175,22651
5,heuristic,20,1200,0.9915416666666668,21.737537138849387,0.0627083333333333,0
6,budget,20,1200,0.89825,22.036526293376674,0.0605416666666666,22636
6,max-cover,20,1200,0.7867500000000001,20.97868385795733,0.0534583333333333,22636
6,heuristic,20,1200,0.990625,22.28741991668267,0.0630833333333333,0
7,budget,20,1200,0.8762916666666667,25.379186704391365,0.055,22761
7,max-cover,20,1200,0.6108333333333333,24.63493406130672,0.045625,22761
7,heuristic,20,1200,0.9838333333333332,25.429884806313616,0.057875,0
8,budget,20,1200,0.8742083333333334,20.77146487516468,0.060625,22631
8,max-cover,20,1200,0.5938749999999999,19.27879315844847,0.04925,22631
8,heuristic,20,1200,0.9700416666666668,21.07432111249758,0.0622083333333333,0
9,budget,20,1200,0.8806666666666667,26.750394999204783,0.057,22714
9,max-cover,20,1200,0.7207916666666667,24.878251028594928,0.0485833333333333,22714
9,heuristic,20,1200,0.8459166666666667,26.847323992676703,0.0565416666666666,0
0,budget,40,1200,0.8575833333333334,10.81151730174431,0.1109999999999999,42827
0,max-cover,40,1200,0.5654583333333334,10.500064445704265,0.0893124999999999,42827
0,heuristic,40,1200,0.9166666666666666,10.806500057879946,0.1243749999999999,0
1,budget,40,1200,0.871875,13.591093088496349,0.1107499999999999,42827
1,max-cover,40,1200,0.4863541666666666,13.261672035277726,0.0801041666666666,42827
1,heuristic,40,1200,0.8725625,13.599815452673624,0.1170416666666666,0
2,budget,40,1200,0.8871458333333333,11.811306644697346,0.1135416666666666,42703
2,max-cover,40,1200,0.5400833333333334,11.821876044988851,0.0826041666666666,42703
2,heuristic,40,1200,0.9103958333333332,11.80946303727058,0.1218333333333333,0
3,budget,40,1200,0.8857291666666667,9.542150521211582,0.1184583333333333,42473
3,max-cover,40,1200,0.5851875,9.07170204857285,0.0851874999999999,42473
3,heuristic,40,1200,0.8745208333333333,9.528431387375402,0.1141249999999999,0
4,budget,40,1200,0.914625,8.216498945042096,0.1134791666666666,42703
4,max-cover,40,1200,0.6198125,8.497894798088836,0.0879999999999999,42703
4,heuristic,40,1200,0.897125,8.237556219789084,0.1160833333333333,0
5,budget,40,1200,0.8872708333333333,7.3294847399876675,0.1224999999999999,42284
5,max-cover,40,1200,0.5128125,7.036100346865903,0.0900208333333333,42284
5,heuristic,40,1200,0.9329166666666666,7.412661850829002,0.1289583333333332,0
6,budget,40,1200,0.8555625,11.826670747437086,0.1078333333333333,42967
6,max-cover,40,1200,0.57525,11.553149020587218,0.0831041666666666,42967
6,heuristic,40,1200,0.8689166666666667,11.88200218865572,0.1131041666666666,0
7,budget,40,1200,0.8797083333333333,16.42811777200405,0.1137291666666666,42697
7,max-cover,40,1200,0.5235208333333333,16.294528751000904,0.0819166666666666,42697
7,heuristic,40,1200,0.9249166666666666,16.502078057656213,0.1222083333333332,0
8,budget,40,1200,0.8434166666666667,15.401998509015446,0.1158958333333333,42591
8,max-cover,40,1200,0.5760624999999999,15.16203082410002,0.0889791666666666,42591
8,heuristic,40,1200,0.9105833333333332,15.409475938316056,0.1189166666666666,0
9,budget,40,1200,0.8858333333333334,11.962074227285209,0.1116458333333333,42792
9,max-cover,40,1200,0.6821041666666667,11.90995463943027,0.0844791666666666,42792
9,heuristic,40,1200,0.9155625,11.890423036165268,0.1182083333333332,0
0,budget,60,1200,0.8849027777777778,8.249342489655104,0.1648472222222221,60334
0,max-cover,60,1200,0.503375,8.36877911866782,0.1137222222222222,60334
0,heuristic,60,1200,0.80525,8.265299204201058,0.1567916666666665,0
1,budget,60,1200,0.8550694444444444,8.289065852744795,0.168972222222222,60041
1,max-cover,60,1200,0.4911527777777777,8.282629624089127,0.1136666666666667,60041
1,heuristic,60,1200,0.7886111111111112,8.282341930843742,0.1630555555555553,0
2,budget,60,1200,0.8695833333333334,5.289874423571876,0.1595555555555554,60707
2,max-cover,60,1200,0.516375,5.388302154554257,0.1191944444444444,60707
2,heuristic,60,1200,0.8046111111111112,5.311482541319813,0.1529999999999999,0
3,budget,60,1200,0.8993888888888889,9.15623528691646,0.1676388888888887,60135
3,max-cover,60,1200,0.50525,9.302402344817157,0.1130694444444445,60135
3,heuristic,60,1200,0.7726666666666666,9.09820109423246,0.152236111111111,0
4,budget,60,1200,0.8664305555555556,6.436421541471527,0.1538055555555554,61117
4,max-cover,60,1200,0.4484027777777778,6.427053882045198,0.109625,61117
4,heuristic,60,1200,0.8077777777777778,6.468019362671367,0.1450694444444444,0
5,budget,60,1200,0.8464722222222222,7.606985200940114,0.1553472222222221,61008
5,max-cover,60,1200,0.498,7.8177457267967165,0.1115138888888889,61008
5,heuristic,60,1200,0.826375,7.600121221335811,0.1571388888888888,0
6,budget,60,1200,0.8617777777777778,7.175240818974879,0.1627638888888888,60480
6,max-cover,60,1200,0.4659305555555555,7.184587697583512,0.1139444444444444,60480
6,heuristic,60,1200,0.7385833333333334,7.178656241925176,0.1471388888888888,0
7,budget,60,1200,0.8943888888888889,9.234366153043352,0.1600833333333332,60674
7,max-cover,60,1200,0.5743472222222222,9.033777292926503,0.1196388888888889,60674
7,heuristic,60,1200,0.8475138888888889,9.234959575178111,0.165486111111111,0
8,budget,60,1200,0.8855416666666667,9.56657866254221,0.1623888888888888,60509
8,max-cover,60,1200,0.5507916666666667,9.76726919876706,0.11275,60509
8,heuristic,60,1200,0.8174166666666667,9.535659883533178,0.1521944444444443,0
9,budget,60,1200,0.8602777777777778,8.054203504895828,0.1616388888888888,60564
9,max-cover,60,1200,0.4408194444444444,7.964932052763413,0.1090277777777778,60564
9,heuristic,60,1200,0.7807222222222222,8.069551399004439,0.1602638888888888,0
0,budget,80,1200,0.8389479166666667,5.145541096211353,0.20196875,76856
0,max-cover,80,1200,0.4455208333333333,5.113041670944092,0.1387708333333333,76856
0,heuristic,80,1200,0.6905833333333333,5.153990353847986,0.17640625,0
1,budget,80,1200,0.8971458333333333,7.07752584644237,0.2128333333333335,75827
1,max-cover,80,1200,0.4270416666666666,7.149797099592608,0.1383541666666667,75827
1,heuristic,80,1200,0.70840625,7.081059661022283,0.1763125,0
2,budget,80,1200,0.86671875,4.5216395441301085,0.2105312500000001,76044
2,max-cover,80,1200,0.41240625,4.5713581503259615,0.1274895833333333,76044
2,heuristic,80,1200,0.6210208333333334,4.527950033445969,0.1620729166666666,0
3,budget,80,1200,0.8518020833333333,6.985942064487841,0.2179270833333333,75344
3,max-cover,80,1200,0.4336562499999999,6.871527028905954,0.1347083333333333,75344
3,heuristic,80,1200,0.6433854166666666,6.978376904894837,0.1706875,0
4,budget,80,1200,0.8770729166666666,6.065566958141528,0.21146875,75956
4,max-cover,80,1200,0.3277708333333333,6.094420470218668,0.1132499999999999,75956
4,heuristic,80,1200,0.5631041666666667,6.068662326884722,0.14796875,0
5,budget,80,1200,0.8433854166666667,6.60525589506266,0.2157916666666667,75546
5,max-cover,80,1200,0.4584375,6.7415876814726685,0.1357291666666666,75546
5,heuristic,80,1200,0.6365937500000001,6.599697131860185,0.1706875,0
6,budget,80,1200,0.8761770833333333,6.807632097450245,0.1994583333333334,77096
6,max-cover,80,1200,0.3607916666666666,6.825526137832918,0.1198958333333333,77096
6,heuristic,80,1200,0.6691041666666666,6.820674379902241,0.1558020833333333,0
7,budget,80,1200,0.8591666666666666,6.783064244106386,0.2102083333333333,76075
7,max-cover,80,1200,0.42021875,6.725915668408439,0.1416562499999999,76075
7,heuristic,80,1200,0.6851458333333333,6.788106410845295,0.1783958333333334,0
8,budget,80,1200,0.8777916666666666,4.464834151925999,0.2105729166666667,76040
8,max-cover,80,1200,0.4307395833333333,4.467444923373124,0.1285,76040
8,heuristic,80,1200,0.6326666666666667,4.463007973391738,0.1534583333333334,0
9,budget,80,1200,0.88125,3.438371502745143,0.20990625,76102
9,max-cover,80,1200,0.4428020833333334,3.4136332448638287,0.1335416666666666,76102
9,heuristic,80,1200,0.6523020833333333,3.438371502745143,0.1659166666666666,0
0,budget,100,1200,0.8842583333333334,4.595891319516267,0.2654333333333335,88469
0,max-cover,100,1200,0.35955,4.635616605161891,0.1501583333333332,88469
0,heuristic,100,1200,0.566175,4.594021783687242,0.1843916666666667,0
1,budget,100,1200,0.897925,4.800546349445084,0.2820333333333334,86497
1,max-cover,100,1200,0.3147999999999999,4.910123299143516,0.143275,86497
1,heuristic,100,1200,0.5496166666666666,4.815061799128377,0.17995,0
2,budget,100,1200,0.885275,4.810785050056322,0.2634500000000002,88705
2,max-cover,100,1200,0.3087166666666666,4.814025826101771,0.132075,88705
2,heuristic,100,1200,0.5378833333333333,4.806086740274747,0.1682833333333333,0
3,budget,100,1200,0.8553,5.8671670134143845,0.2658083333333334,88424
3,max-cover,100,1200,0.359,5.829125757889033,0.1398583333333333,88424
3,heuristic,100,1200,0.5443333333333333,5.86470456268076,0.1806999999999999,0
4,budget,100,1200,0.8651583333333334,4.394181769852424,0.2604833333333335,89056
4,max-cover,100,1200,0.3455416666666666,4.362948241882204,0.1443249999999999,89056
4,heuristic,100,1200,0.5454416666666666,4.4021353271836565,0.1810833333333333,0
5,budget,100,1200,0.8645666666666667,3.398513423995829,0.2652500000000001,88490
5,max-cover,100,1200,0.3453333333333334,3.4381747045707205,0.147,88490
5,heuristic,100,1200,0.5401750000000001,3.4076387199498974,0.1776249999999999,0
6,budget,100,1200,0.8914583333333334,3.8983273524136672,0.2742000000000002,87427
6,max-cover,100,1200,0.31865,3.922469225005733,0.1369333333333332,87427
6,heuristic,100,1200,0.5239333333333334,3.8946350803585528,0.1818666666666666,0
7,budget,100,1200,0.8373416666666667,3.46430786757043,0.2573916666666667,89423
7,max-cover,100,1200,0.351275,3.452224945287329,0.1393166666666666,89423
7,heuristic,100,1200,0.5466333333333333,3.468362879127437,0.1761416666666666,0
8,budget,100,1200,0.866775,7.4622891219136065,0.2611166666666668,88982
8,max-cover,100,1200,0.3702333333333333,7.477159503284938,0.1483333333333332,88982
8,heuristic,100,1200,0.569275,7.45428428934124,0.1874166666666667,0
9,budget,100,1200,0.8900916666666667,3.911705913023496,0.2687583333333335,88073
9,max-cover,100,1200,0.3232166666666667,3.8727539294512585,0.1404333333333333,88073
9,heuristic,100,1200,0.5522583333333333,3.9226514834508497,0.1752833333333333,0
0,budget,120,1200,0.9197638888888888,4.487343225599899,0.3304027777777779,96820
0,max-cover,120,1200,0.2568819444444444,4.505479999104519,0.1389652777777777,96820
0,heuristic,120,1200,0.4144375,4.489241987405271,0.1769027777777777,0
1,budget,120,1200,0.9009722222222222,3.83076500902642,0.3168750000000001,98753
1,max-cover,120,1200,0.2753124999999999,3.8356177200354806,0.1438055555555555,98753
1,heuristic,120,1200,0.4843611111111111,3.837303386777243,0.1894513888888889,0
2,budget,120,1200,0.9033263888888888,3.0796452621862747,0.3318541666666668,96613
2,max-cover,120,1200,0.2717638888888889,3.1155951779188125,0.1339166666666666,96613
2,heuristic,120,1200,0.4740277777777778,3.0837469525232484,0.1740347222222222,0
3,budget,120,1200,0.9163958333333332,4.097262375068129,0.3231597222222224,97855
3,max-cover,120,1200,0.3267916666666667,4.116834449141829,0.1478888888888889,97855
3,heuristic,120,1200,0.5310694444444444,4.103824954133743,0.195173611111111,0
4,budget,120,1200,0.8994513888888889,3.529329842677067,0.3309236111111112,96746
4,max-cover,120,1200,0.2430694444444444,3.608125879364121,0.1328888888888888,96746
4,heuristic,120,1200,0.4320416666666666,3.5556757462071173,0.1739583333333333,0
5,budget,120,1200,0.9056805555555556,3.4693141562424867,0.3198125000000001,98333
5,max-cover,120,1200,0.2707083333333333,3.427562902988267,0.1508472222222221,98333
5,heuristic,120,1200,0.4937013888888889,3.4658822484136564,0.1907499999999999,0
6,budget,120,1200,0.9181736111111112,3.8531553879887,0.3332847222222224,96409
6,max-cover,120,1200,0.2408958333333333,3.864301527958955,0.1264444444444444,96409
6,heuristic,120,1200,0.4123680555555555,3.858989204310409,0.1681388888888888,0
7,budget,120,1200,0.9082430555555556,4.937202900901072,0.3318958333333335,96608
7,max-cover,120,1200,0.2682708333333333,4.940422774947939,0.1375625,96608
7,heuristic,120,1200,0.4450347222222222,4.938224685674828,0.1773472222222221,0
8,budget,120,1200,0.8958125,3.499563628210816,0.3169583333333335,98740
8,max-cover,120,1200,0.2685625,3.521413603133152,0.1471944444444443,98740
8,heuristic,120,1200,0.4792083333333333,3.506846431913039,0.1876249999999999,0
9,budget,120,1200,0.9052847222222222,4.957396297337975,0.3430347222222223,95017
9,max-cover,120,1200,0.2817291666666667,4.99309917479524,0.1385208333333333,95017
9,heuristic,120,1200,0.4642777777777778,4.964011975475316,0.1825277777777777,0
0,budget,140,1200,0.9086607142857144,2.552269092552479,0.3818452380952379,104310
0,max-cover,140,1200,0.2127797619047619,2.5488034051190085,0.1359880952380952,104310
0,heuristic,140,1200,0.4048035714285714,2.5482851979152854,0.1794583333333332,0
1,budget,140,1200,0.9019285714285714,3.651047463092513,0.3871249999999996,103432
1,max-cover,140,1200,0.2817619047619047,3.7446674055445297,0.160440476190476,103432
1,heuristic,140,1200,0.4934761904761905,3.6473834451064646,0.2060297619047618,0
2,budget,140,1200,0.9140178571428572,3.201985870547624,0.3873452380952378,103392
2,max-cover,140,1200,0.2308988095238094,3.187905490074696,0.1547559523809523,103392
2,heuristic,140,1200,0.4116547619047619,3.198354450023897,0.1953571428571428,0
3,budget,140,1200,0.9047142857142856,3.3385972939892503,0.3909702380952378,102789
3,max-cover,140,1200,0.2063273809523809,3.343361646319467,0.1290238095238094,102789
3,heuristic,140,1200,0.3719047619047619,3.3458161941608022,0.1706309523809522,0
4,budget,140,1200,0.934327380952381,3.139692272689134,0.3879642857142855,103290
4,max-cover,140,1200,0.2475357142857143,3.411791161804772,0.1401845238095238,103290
4,heuristic,140,1200,0.4172083333333333,3.1457759757278785,0.1859107142857142,0
5,budget,140,1200,0.9202321428571428,4.106461416419928,0.3843392857142854,103894
5,max-cover,140,1200,0.2331309523809523,4.133898932786602,0.1354702380952381,103894
5,heuristic,140,1200,0.4238095238095238,4.106914969349746,0.1842559523809523,0
6,budget,140,1200,0.9200714285714284,4.066992876421876,0.3861190476190472,103597
6,max-cover,140,1200,0.2507261904761905,4.08554806292088,0.1458988095238095,103597
6,heuristic,140,1200,0.4598035714285714,4.072534857891384,0.1951726190476189,0
7,budget,140,1200,0.9042440476190476,4.701666406515785,0.3702440476190473,106245
7,max-cover,140,1200,0.2547142857142856,4.732649643534376,0.1431428571428571,106245
7,heuristic,140,1200,0.4294285714285714,4.709550068234069,0.1931666666666666,0
8,budget,140,1200,0.9000357142857143,4.258836414759119,0.3818095238095235,104316
8,max-cover,140,1200,0.2144404761904762,4.283482200631638,0.1440714285714285,104316
8,heuristic,140,1200,0.4406309523809524,4.249495670828137,0.1979523809523808,0
9,budget,140,1200,0.9298392857142858,3.838487315599429,0.3861488095238092,103594
9,max-cover,140,1200,0.2757619047619047,3.85849096614573,0.153095238095238,103594
9,heuristic,140,1200,0.4526666666666666,3.840647150474208,0.1965654761904759,0
0,budget,160,1200,0.9344479166666668,4.527095484715721,0.4492031249999995,106295
0,max-cover,160,1200,0.2785677083333333,4.698414943786071,0.1631197916666667,106295
0,heuristic,160,1200,0.4474218749999999,4.5297753149951605,0.207859375,0
1,budget,160,1200,0.9479114583333332,2.401285238939428,0.4510312499999996,105945
1,max-cover,160,1200,0.2088072916666666,2.421472150913647,0.142,105945
1,heuristic,160,1200,0.3968489583333333,2.404079726536359,0.1922239583333335,0
2,budget,160,1200,0.94209375,2.852589635318542,0.451463541666666,105863
2,max-cover,160,1200,0.2148697916666666,2.8764450110533,0.1484479166666667,105863
2,heuristic,160,1200,0.4258385416666667,2.853369544978849,0.2025364583333334,0
3,budget,160,1200,0.9417604166666668,2.836634989357891,0.4339114583333329,109211
3,max-cover,160,1200,0.255328125,2.8571742030356417,0.1531979166666667,109211
3,heuristic,160,1200,0.4192552083333333,2.840004690538268,0.2020416666666667,0
4,budget,160,1200,0.9225364583333332,1.8750668986690653,0.4417864583333328,107709
4,max-cover,160,1200,0.2277656249999999,1.8785846225804583,0.1425156250000001,107709
4,heuristic,160,1200,0.3857083333333333,1.879356115920718,0.1919062500000001,0
5,budget,160,1200,0.9424322916666666,2.002684292830282,0.4408489583333327,107888
5,max-cover,160,1200,0.2003541666666667,1.9914953671112428,0.134375,107888
5,heuristic,160,1200,0.3924062499999999,2.0079768331860013,0.1828177083333334,0
6,budget,160,1200,0.949046875,2.244698906574225,0.4559114583333327,105014
6,max-cover,160,1200,0.2042135416666667,2.266343381420582,0.1298802083333333,105014
6,heuristic,160,1200,0.3877395833333333,2.2537963013158624,0.183375,0
7,budget,160,1200,0.9509791666666668,2.175017401540807,0.4600468749999995,104225
7,max-cover,160,1200,0.2250052083333333,2.1739081581535205,0.1557604166666668,104225
7,heuristic,160,1200,0.4099427083333333,2.180341030969634,0.2047916666666667,0
8,budget,160,1200,0.9354427083333332,2.137140628716228,0.4460989583333327,106886
8,max-cover,160,1200,0.2416666666666667,2.14281651371889,0.1434062500000001,106886
8,heuristic,160,1200,0.4141302083333333,2.145923763174428,0.1890364583333334,0
9,budget,160,1200,0.9344895833333332,2.546821117953649,0.4505937499999995,106030
9,max-cover,160,1200,0.2092864583333333,2.560944492066125,0.141265625,106030
9,heuristic,160,1200,0.3841666666666666,2.552637747804637,0.1899114583333334,0
0,budget,180,1200,0.9495925925925924,2.17403984907002,0.5074675925925929,107000
0,max-cover,180,1200,0.1780046296296296,2.1686785123687,0.1247546296296296,107000
0,heuristic,180,1200,0.3378518518518518,2.165248331138634,0.1770462962962962,0
1,budget,180,1200,0.947425925925926,2.9293811535917964,0.5140231481481484,105590
1,max-cover,180,1200,0.1999675925925925,2.92858883218097,0.1402546296296295,105590
1,heuristic,180,1200,0.3709351851851852,2.9307287025751045,0.1920324074074073,0
2,budget,180,1200,0.967898148148148,2.9469889776265923,0.5358518518518521,100901
2,max-cover,180,1200,0.1921018518518518,2.949059115885716,0.1305370370370369,100901
2,heuristic,180,1200,0.3640833333333333,2.948926035542277,0.1824722222222221,0
3,budget,180,1200,0.9486527777777778,2.9197625184037546,0.5204259259259255,104216
3,max-cover,180,1200,0.1938287037037037,2.929811786726101,0.1397407407407407,104216
3,heuristic,180,1200,0.3616111111111111,2.926192968736021,0.1950787037037036,0
4,budget,180,1200,0.953023148148148,2.417626203465817,0.5061435185185186,107283
4,max-cover,180,1200,0.1874814814814814,2.4441072396658083,0.1464583333333333,107283
4,heuristic,180,1200,0.3563333333333333,2.42245708335964,0.1956018518518517,0
5,budget,180,1200,0.9591342592592592,1.7179621882337746,0.5213240740740743,104022
5,max-cover,180,1200,0.1580787037037037,1.7116724217056618,0.1241064814814814,104022
5,heuristic,180,1200,0.3221296296296296,1.7234023399016951,0.1796435185185183,0
6,budget,180,1200,0.9542407407407408,2.268107213075908,0.5130833333333334,105793
6,max-cover,180,1200,0.1866574074074074,2.278596317397576,0.1332268518518518,105793
6,heuristic,180,1200,0.3511944444444445,2.279581548010853,0.1876435185185184,0
7,budget,180,1200,0.9449583333333332,2.3895543811637383,0.5099490740740746,106466
7,max-cover,180,1200,0.19325,2.3979237404345626,0.1342129629629629,106466
7,heuristic,180,1200,0.3480138888888888,2.391068019608082,0.1882129629629628,0
8,budget,180,1200,0.9494444444444444,2.9581910309052755,0.5238796296296298,103474
8,max-cover,180,1200,0.2073287037037037,2.95893338613112,0.152273148148148,103474
8,heuristic,180,1200,0.3839629629629629,2.956470904653894,0.2030462962962961,0
9,budget,180,1200,0.9541157407407408,2.5969470156029977,0.5158101851851854,105206
9,max-cover,180,1200,0.2422638888888888,2.5947304309022865,0.1597685185185184,105206
9,heuristic,180,1200,0.4111018518518519,2.581112842171912,0.2105046296296295,0
0,budget,200,600,0.999675,1.065782761982537,0.9959750000000016,1083
0,max-cover,200,600,0.1755916666666667,1.0847012436716696,0.163,1083
0,heuristic,200,600,0.3477416666666666,1.0701747750430397,0.2635666666666667,0
1,budget,200,600,0.99985,1.6759667704996717,0.9950250000000012,1197
1,max-cover,200,600,0.187875,1.6742520525083762,0.1662666666666666,1197
1,heuristic,200,600,0.3746583333333333,1.6791395217860563,0.2780583333333333,0
2,budget,200,600,0.9999083333333332,0.6076173078600458,0.9966333333333348,1004
2,max-cover,200,600,0.1378083333333333,0.6071913592110942,0.132675,1004
2,heuristic,200,600,0.3221416666666666,0.6101584304657636,0.2404166666666667,0
3,budget,200,600,0.9996916666666666,1.207534495190832,0.9959333333333348,1088
3,max-cover,200,600,0.1706999999999999,1.203411925734715,0.1478416666666666,1088
3,heuristic,200,600,0.3406916666666666,1.210032044164134,0.249825,0
4,budget,200,600,0.999725,1.052770703183457,0.9954750000000016,1143
4,max-cover,200,600,0.1688583333333333,1.0508738029180749,0.1511666666666667,1143
4,heuristic,200,600,0.3518833333333333,1.0518885771127424,0.2657,0
5,budget,200,600,0.9996916666666666,0.6113814402482177,0.995291666666668,1165
5,max-cover,200,600,0.152425,0.6124561563346616,0.1314416666666666,1165
5,heuristic,200,600,0.302425,0.6107519859024761,0.2194833333333333,0
6,budget,200,600,0.9998666666666668,0.9292595536884064,0.9960250000000014,1077
6,max-cover,200,600,0.1442999999999999,0.933005937325547,0.1295916666666666,1077
6,heuristic,200,600,0.3233583333333333,0.933005937325547,0.236375,0
7,budget,200,600,0.999575,1.1526421262287383,0.9950750000000018,1191
7,max-cover,200,600,0.1824666666666666,1.1614064012147818,0.16645,1191
7,heuristic,200,600,0.3902083333333334,1.156888128119633,0.2829666666666667,0
8,budget,200,600,0.999775,1.0700305522471236,0.9955750000000018,1131
8,max-cover,200,600,0.1469249999999999,1.0642104379073491,0.1370166666666666,1131
8,heuristic,200,600,0.3327333333333333,1.071015386771866,0.2458916666666666,0
9,budget,200,600,0.9998583333333332,0.8452432402513602,0.9962083333333348,1055
9,max-cover,200,600,0.1732833333333333,0.8553030215647545,0.1547999999999999,1055
9,heuristic,200,600,0.3379,0.8479631630232444,0.2514166666666667,0
1,budget,80,600,0.9437291666666666,2.5686733741669445,0.4280625000000002,27712
1,max-cover,80,600,0.2016666666666666,2.568815936265192,0.1283125,27712
1,heuristic,80,600,0.4137083333333333,2.5686733741669445,0.1827916666666666,0
2,budget,80,600,0.9267083333333334,2.732512424547068,0.4423750000000002,27034
2,max-cover,80,600,0.1938541666666666,2.743174711585716,0.1401875,27034
2,heuristic,80,600,0.3988125,2.760577601373706,0.2001875,0
3,budget,80,600,0.9532291666666668,3.1098644920626923,0.4564375000000003,26366
3,max-cover,80,600,0.2581875,3.1247828734850347,0.1493333333333333,26366
3,heuristic,80,600,0.4231458333333333,3.124119721664519,0.2025624999999999,0
4,budget,80,600,0.9157291666666668,1.9342471099701968,0.4253541666666668,27840
4,max-cover,80,600,0.2279166666666666,1.9354396660262767,0.1510208333333333,27840
4,heuristic,80,600,0.4281041666666666,1.933460993003212,0.2097083333333333,0
5,budget,80,600,0.9242291666666668,3.126060115804367,0.4433541666666668,26989
5,max-cover,80,600,0.2345625,3.171992698750498,0.1466874999999999,26989
5,heuristic,80,600,0.4151249999999999,3.130112155372863,0.2038333333333332,0
6,budget,80,600,0.9346666666666666,4.642740192650571,0.4444166666666669,26938
6,max-cover,80,600,0.26025,4.669382027173169,0.1570833333333333,26938
6,heuristic,80,600,0.4577916666666667,4.645430711647031,0.2071874999999999,0
7,budget,80,600,0.9104791666666668,2.007843555510856,0.4444791666666667,26934
7,max-cover,80,600,0.21275,2.027593174641505,0.1508333333333332,26934
7,heuristic,80,600,0.4476875,2.016102682463277,0.2108333333333333,0
8,budget,80,600,0.9366666666666666,4.2795353281034085,0.447479166666667,26792
8,max-cover,80,600,0.2411875,4.295929436360977,0.1397499999999999,26792
8,heuristic,80,600,0.3958958333333333,4.290220444707542,0.2057291666666665,0
9,budget,80,600,0.9244583333333334,2.838059384514349,0.4366875000000003,27303
9,max-cover,80,600,0.1838125,2.804750645448357,0.1235624999999999,27303
9,heuristic,80,600,0.3659166666666666,2.837723686780368,0.1692916666666666,0
0,budget,100,600,0.95995,2.189017135755898,0.581483333333334,25464
0,max-cover,100,600,0.1422333333333333,2.2066556282491816,0.11745,25464
0,heuristic,100,600,0.3162666666666667,2.1877759329872988,0.1796999999999999,0
1,budget,100,600,0.9693833333333334,2.9841721260572616,0.5850833333333335,25249
1,max-cover,100,600,0.1755999999999999,2.977848701915946,0.1296333333333333,25249
1,heuristic,100,600,0.3392833333333334,2.9876267057275374,0.1948166666666665,0
2,budget,100,600,0.97345,1.7833530649532188,0.5773000000000003,25712
2,max-cover,100,600,0.18505,1.7787022202363192,0.1384833333333333,25712
2,heuristic,100,600,0.3541999999999999,1.7830409352156575,0.1915499999999999,0
3,budget,100,600,0.9567,2.4354592399904167,0.5706000000000004,26109
3,max-cover,100,600,0.2190666666666666,2.4505466862524345,0.1502499999999999,26109
3,heuristic,100,600,0.3935333333333333,2.4434080731944565,0.2154666666666666,0
0,budget,120,600,0.9820694444444444,1.3929507144064786,0.693305555555556,22502
0,max-cover,120,600,0.1437638888888889,1.400643881370297,0.1258888888888889,22502
0,heuristic,120,600,0.3175833333333333,1.3905663051959165,0.2046527777777777,0
1,budget,120,600,0.9709305555555556,1.6537621422630064,0.6738333333333337,23892
1,max-cover,120,600,0.1962638888888889,1.6441930065863355,0.148625,23892
1,heuristic,120,600,0.3684583333333333,1.654015360744176,0.2228472222222221,0
2,budget,120,600,0.9758194444444444,2.0394796251689367,0.6733611111111115,23926
2,max-cover,120,600,0.1802638888888889,2.043072618793313,0.1310694444444444,23926
2,heuristic,120,600,0.3439027777777778,2.0400558714512127,0.2037777777777777,0
3,budget,120,600,0.9752222222222222,1.8565255507186893,0.6859583333333337,23028
3,max-cover,120,600,0.1943888888888889,1.8562926880291737,0.1405277777777777,23028
3,heuristic,120,600,0.3492638888888889,1.855706811859546,0.2114444444444444,0
4,budget,120,600,0.9832222222222222,2.433737723739368,0.6962916666666674,22289
4,max-cover,120,600,0.1315833333333333,2.434859637783116,0.1160277777777777,22289
4,heuristic,120,600,0.3246805555555555,2.4358118540311184,0.194986111111111,0
5,budget,120,600,0.9818333333333332,1.8849942180454664,0.6880138888888895,22879
5,max-cover,120,600,0.159736111111111,1.88259535772169,0.1219027777777778,22879
5,heuristic,120,600,0.3402777777777778,1.8917609340867896,0.2091944444444442,0
6,budget,120,600,0.9737638888888888,2.633721649458232,0.7059027777777783,21603
6,max-cover,120,600,0.1910694444444444,2.657318973283558,0.1565277777777777,21603
6,heuristic,120,600,0.3650277777777777,2.641305153920859,0.2387361111111109,0
7,budget,120,600,0.9817638888888888,3.061480972225378,0.6968611111111118,22248
7,max-cover,120,600,0.1779444444444444,3.078370750070315,0.1436666666666666,22248
7,heuristic,120,600,0.369111111111111,3.0739079855313305,0.2318333333333332,0
8,budget,120,600,0.9811944444444444,1.7295991986997576,0.7137361111111113,21043
8,max-cover,120,600,0.1609861111111111,1.7025683769409468,0.14375,21043
8,heuristic,120,600,0.3484583333333333,1.7279752451239323,0.2209722222222221,0
9,budget,120,600,0.9899583333333334,2.22397847231799,0.7132500000000004,21080
9,max-cover,120,600,0.1777777777777778,2.2367985382465574,0.1391666666666666,21080
9,heuristic,120,600,0.345861111111111,2.229304180314892,0.2061666666666665,0
0,budget,200,1200,0.9635625,2.4042741856158725,0.572658333333334,103252
0,max-cover,200,1200,0.1879958333333333,2.4162873883818543,0.13885,103252
0,heuristic,200,1200,0.3537125,2.410491203142302,0.1965625000000001,0
0,budget,160,600,0.9962708333333332,0.9449875759131976,0.8926666666666656,10847
0,max-cover,160,600,0.1550833333333333,0.9531624094945896,0.1347083333333333,10847
0,heuristic,160,600,0.3136145833333333,0.9478992896770396,0.21553125,0
1,budget,160,600,0.9974895833333334,1.0034078518839342,0.9316770833333314,7129
1,max-cover,160,600,0.1473020833333332,1.0012153094951914,0.1306041666666666,7129
1,heuristic,160,600,0.3299270833333333,1.0043957632964595,0.2321041666666667,0
1,budget,200,1200,0.9613833333333334,2.1234498632662246,0.5561041666666675,107205
1,max-cover,200,1200,0.2034875,2.130664878616226,0.1367541666666666,107205
1,heuristic,200,1200,0.3502625,2.130362514818887,0.1897291666666667,0
2,budget,160,600,0.9984791666666668,1.3656511205542596,0.9583020833333328,4590
2,max-cover,160,600,0.1379479166666666,1.3828631618469738,0.1361041666666666,4590
2,heuristic,160,600,0.2994375,1.372902845193742,0.2178125,0
2,budget,200,1200,0.9519583333333334,3.0141945414866536,0.5643791666666673,105230
2,max-cover,200,1200,0.2055,3.0232192516045773,0.1490583333333333,105230
2,heuristic,200,1200,0.3617416666666666,3.012403508347812,0.2050416666666668,0
3,budget,160,600,0.9964166666666666,1.5519147179674668,0.9256041666666656,7709
3,max-cover,160,600,0.1652395833333333,1.5594028114999836,0.1539166666666666,7709
3,heuristic,160,600,0.3445416666666666,1.5586346782626226,0.25225,0
4,budget,160,600,0.9969791666666666,1.2280747471465034,0.9343645833333322,6874
4,max-cover,160,600,0.1508229166666667,1.2261990188765624,0.1330416666666666,6874
4,heuristic,160,600,0.3207083333333334,1.228517405356764,0.21490625,0
3,budget,200,1200,0.9589875,3.098789527846114,0.5469000000000006,109403
3,max-cover,200,1200,0.2378624999999999,3.104540546260872,0.1583166666666667,109403
3,heuristic,200,1200,0.4058125,3.101193580491754,0.2233541666666667,0
5,budget,160,600,0.9975833333333334,1.338080106118552,0.9288229166666656,7400
5,max-cover,160,600,0.15771875,1.3552892980111595,0.12784375,7400
5,heuristic,160,600,0.3220625,1.3445127099209069,0.2117916666666667,0
4,budget,200,1200,0.9635375,2.0960817656648203,0.5742625000000005,102869
4,max-cover,200,1200,0.1872541666666667,2.100153004906552,0.1399958333333333,102869
4,heuristic,200,1200,0.3715208333333333,2.097863077184031,0.2000666666666667,0
6,budget,160,600,0.99590625,1.2782584263528312,0.9381770833333322,6507
6,max-cover,160,600,0.1611875,1.2823629728142083,0.1508541666666667,6507
6,heuristic,160,600,0.3717916666666666,1.2843010340935064,0.2563437500000001,0
7,budget,160,600,0.99659375,1.3907486576404189,0.9109687499999998,9101
7,max-cover,160,600,0.1757916666666666,1.392275505151182,0.1386458333333333,9101
7,heuristic,160,600,0.30559375,1.392329752444908,0.2052291666666666,0
5,budget,200,1200,0.956025,2.032571466302356,0.5661916666666674,104797
5,max-cover,200,1200,0.2056208333333333,2.064471401122439,0.15165,104797
5,heuristic,200,1200,0.3898166666666667,2.035148456675681,0.2103708333333334,0
8,budget,160,600,0.9974791666666668,1.1072837644425806,0.9211979166666656,8128
8,max-cover,160,600,0.1459791666666666,1.1061139488581293,0.1294375,8128
8,heuristic,160,600,0.3154687499999999,1.1094418919412703,0.2193020833333333,0
9,budget,160,600,0.99628125,1.9525387348474088,0.926416666666665,7632
9,max-cover,160,600,0.1569270833333333,1.951340043561455,0.14196875,7632
9,heuristic,160,600,0.32675,1.962699606146556,0.2303958333333334,0
6,budget,200,1200,0.9602083333333332,2.45971934501956,0.5701416666666674,103854
6,max-cover,200,1200,0.1877041666666666,2.4677772970045107,0.1367166666666667,103854
6,heuristic,200,1200,0.365525,2.454960971785749,0.1950750000000001,0
0,budget,180,600,0.9995185185185184,1.0323081129962917,0.990481481481482,1628
0,max-cover,180,600,0.1514537037037037,1.0310653967149623,0.1377407407407407,1628
0,heuristic,180,600,0.3466111111111111,1.0392855139896828,0.2420370370370371,0
7,budget,200,1200,0.956475,2.830782769821563,0.5717666666666674,103466
7,max-cover,200,1200,0.1960499999999999,2.836424674813304,0.1375416666666667,103466
7,heuristic,200,1200,0.3593541666666666,2.835217533770088,0.1959416666666667,0
1,budget,180,600,0.999574074074074,1.5376212597613377,0.9924907407407412,1411
1,max-cover,180,600,0.1626851851851851,1.5524619454049038,0.154462962962963,1411
1,heuristic,180,600,0.3439537037037037,1.5419693884069237,0.2571018518518518,0
8,budget,200,1200,0.978325,2.365422647390409,0.5917958333333343,98684
8,max-cover,200,1200,0.1749708333333333,2.398954355041805,0.1284,98684
8,heuristic,200,1200,0.3305083333333333,2.3706375812534883,0.1806083333333334,0
2,budget,180,600,0.9997592592592592,1.1358405898803203,0.9919537037037036,1469
2,max-cover,180,600,0.14475,1.1433396991397309,0.1372962962962963,1469
2,heuristic,180,600,0.3131759259259259,1.1396817536219508,0.2377592592592592,0
3,budget,180,600,0.9993425925925926,0.8829998914693175,0.9888240740740738,1807
3,max-cover,180,600,0.1680833333333333,0.8808726971619164,0.1502499999999999,1807
3,heuristic,180,600,0.34325,0.8827849631195605,0.2425092592592592,0
9,budget,200,1200,0.9631916666666668,3.1182736111337896,0.5729083333333342,103193
9,max-cover,200,1200,0.1861958333333333,3.133495984681386,0.1371166666666667,103193
9,heuristic,200,1200,0.3504166666666667,3.1176327566873034,0.1908583333333334,0
4,budget,180,600,0.9996851851851852,1.144464430047048,0.991148148148148,1556
4,max-cover,180,600,0.1468425925925925,1.148207041074415,0.1311759259259259,1556
4,heuristic,180,600,0.3310740740740741,1.1522216863561128,0.232074074074074,0
5,budget,180,600,0.9994444444444444,0.986797089359469,0.9901111111111112,1668
5,max-cover,180,600,0.1584907407407407,1.0029715469392433,0.1379629629629629,1668
5,heuristic,180,600,0.3008796296296296,0.998900104129635,0.2205277777777777,0
6,budget,180,600,0.9995833333333334,1.1405962247937358,0.9902592592592598,1652
6,max-cover,180,600,0.1756944444444445,1.15161287860367,0.1443703703703703,1652
6,heuristic,180,600,0.3646944444444444,1.145475323655874,0.2581018518518519,0
7,budget,180,600,0.9996111111111112,1.041808734076883,0.988555555555556,1836
7,max-cover,180,600,0.1732222222222222,1.0469127520625452,0.1515,1836
7,heuristic,180,600,0.3606851851851852,1.0419880850845462,0.2539166666666667,0
8,budget,180,600,0.9995833333333334,0.8902237279081741,0.9912407407407408,1546
8,max-cover,180,600,0.1579166666666667,0.8903248417201558,0.1348333333333333,1546
8,heuristic,180,600,0.3240648148148148,0.8909254198022977,0.2292592592592592,0
9,budget,180,600,0.999101851851852,1.243718788770318,0.987203703703704,1982
9,max-cover,180,600,0.1853148148148148,1.248697498983383,0.1579444444444444,1982
9,heuristic,180,600,0.3447592592592592,1.2431955716965912,0.2377777777777777,0
0,budget,140,600,0.9912261904761904,1.533936990315204,0.8109999999999997,16369
0,max-cover,140,600,0.1547738095238094,1.5372257782781305,0.1359523809523809,16369
0,heuristic,140,600,0.3503571428571428,1.541351251537782,0.2449880952380951,0
1,budget,140,600,0.9896785714285714,1.235234145596353,0.8007499999999997,17224
1,max-cover,140,600,0.1647619047619047,1.2367469150560588,0.1501904761904761,17224
1,heuristic,140,600,0.3523214285714285,1.235232910784365,0.2511309523809523,0
2,budget,140,600,0.989345238095238,1.461935384440744,0.7888333333333328,18218
2,max-cover,140,600,0.1769523809523809,1.4455374979840163,0.1543333333333333,18218
2,heuristic,140,600,0.345595238095238,1.4660415484285592,0.2284642857142857,0
3,budget,140,600,0.9895595238095238,1.7028122629489892,0.8215357142857138,15489
3,max-cover,140,600,0.1515714285714285,1.699330989783751,0.1341071428571429,15489
3,heuristic,140,600,0.2989047619047619,1.70606617789152,0.2146547619047619,0
4,budget,140,600,0.9886071428571428,1.5561376322685916,0.7799880952380945,18954
4,max-cover,140,600,0.198547619047619,1.5458437154578413,0.1513571428571428,18954
4,heuristic,140,600,0.353,1.5575009608318564,0.2346666666666667,0
5,budget,140,600,0.9923928571428572,0.967592242083437,0.823154761904761,15357
5,max-cover,140,600,0.1530714285714285,0.9740401026235278,0.1363333333333333,15357
5,heuristic,140,600,0.3205,0.9686632919815918,0.2229166666666667,0
6,budget,140,600,0.987452380952381,1.4375221155486353,0.8189761904761897,15706
6,max-cover,140,600,0.162095238095238,1.4652556298509984,0.1361785714285714,15706
6,heuristic,140,600,0.3386547619047619,1.4418169169993584,0.2173333333333333,0
7,budget,140,600,0.98775,1.4813437973381018,0.797654761904761,17483
7,max-cover,140,600,0.1543571428571428,1.4849522676680398,0.1246904761904761,17483
7,heuristic,140,600,0.3236547619047619,1.4817858185743755,0.2155833333333333,0
8,budget,140,600,0.9927976190476192,2.355799908854376,0.8299999999999993,14785
8,max-cover,140,600,0.1687738095238095,2.361423155202954,0.1407261904761904,14785
8,heuristic,140,600,0.3778214285714285,2.359159214346658,0.2278928571428571,0
9,budget,140,600,0.9859285714285714,1.8585646740533368,0.8093690476190466,16504
9,max-cover,140,600,0.2030952380952381,1.8645245358590663,0.1571071428571429,16504
9,heuristic,140,600,0.391,1.8652654505220416,0.2496071428571428,0
0,budget,20,600,0.87225,9.245561993345586,0.1165833333333333,10680
0,max-cover,20,600,0.4992499999999999,8.794938682573394,0.0794166666666666,10680
0,heuristic,20,600,0.9435833333333332,9.461501225089089,0.117,0
1,budget,20,600,0.8666666666666667,18.941096641723625,0.1115,10741
1,max-cover,20,600,0.5785833333333333,18.92710845790814,0.083,10741
1,heuristic,20,600,0.9329166666666666,19.404516005077376,0.121,0
2,budget,20,600,0.8763333333333333,7.88999510497256,0.1062499999999999,10799
2,max-cover,20,600,0.6046666666666667,7.664271448967597,0.0854999999999999,10799
2,heuristic,20,600,0.92275,7.9299013084939505,0.1196666666666666,0
3,budget,20,600,0.9118333333333332,15.994481796817686,0.1036666666666666,10828
3,max-cover,20,600,0.5661666666666667,15.580398128968667,0.0749166666666666,10828
3,heuristic,20,600,0.9661666666666666,16.04046430923984,0.1083333333333333,0
4,budget,20,600,0.9380833333333334,12.394586168119144,0.1078333333333333,10781
4,max-cover,20,600,0.4718333333333333,12.141373377179482,0.0789166666666666,10781
4,heuristic,20,600,0.9625833333333332,12.653146461070968,0.1138333333333333,0
5,budget,20,600,0.8256666666666667,17.40232927384631,0.1009166666666666,10863
5,max-cover,20,600,0.4991666666666666,16.966256622657088,0.0821666666666667,10863
5,heuristic,20,600,0.8928333333333334,17.43963570358013,0.1050833333333333,0
6,budget,20,600,0.8608333333333333,12.68854602337229,0.1135833333333333,10714
6,max-cover,20,600,0.5615,12.245790496184588,0.0855,10714
6,heuristic,20,600,0.9760833333333332,12.687365252591173,0.1178333333333333,0
7,budget,20,600,0.8359166666666666,15.153566277710642,0.1061666666666666,10797
7,max-cover,20,600,0.4396666666666666,14.682881009169405,0.0723333333333333,10797
7,heuristic,20,600,0.9598333333333332,15.474418392287708,0.1131666666666667,0
8,budget,20,600,0.95175,13.54394421976041,0.1191666666666666,10651
8,max-cover,20,600,0.6690833333333333,13.472416485374296,0.0967499999999999,10651
8,heuristic,20,600,0.9703333333333334,13.506581529850733,0.1244166666666666,0
9,budget,20,600,0.9075,9.487789019804776,0.1116666666666666,10736
9,max-cover,20,600,0.6048333333333333,9.576486483113335,0.0881666666666666,10736
9,heuristic,20,600,0.96475,9.64319392187095,0.1179166666666666,0
0,budget,40,600,0.8628750000000001,7.869515871531123,0.2108749999999999,19070
0,max-cover,40,600,0.3955416666666667,7.837787519087575,0.120875,19070
0,heuristic,40,600,0.5855416666666666,7.855459433524413,0.1618333333333332,0
1,budget,40,600,0.8724583333333333,7.584307397523885,0.2190416666666665,18877
1,max-cover,40,600,0.422875,7.6285875816571505,0.1304583333333333,18877
1,heuristic,40,600,0.69675,7.58974138877861,0.1723333333333332,0
2,budget,40,600,0.86025,6.232533861245363,0.1987499999999999,19352
2,max-cover,40,600,0.3825833333333334,6.268773492248159,0.117125,19352
2,heuristic,40,600,0.6809166666666666,6.207725605582149,0.1606666666666666,0
3,budget,40,600,0.8705,6.72412854777496,0.2041249999999999,19225
3,max-cover,40,600,0.397,6.78552432257688,0.1247083333333333,19225
3,heuristic,40,600,0.6980416666666667,6.72729345872545,0.1720416666666666,0
4,budget,40,600,0.8852916666666667,6.297607020124486,0.2246666666666666,18744
4,max-cover,40,600,0.33125,6.342317374093331,0.1205,18744
4,heuristic,40,600,0.6427083333333333,6.292134725996831,0.1617083333333333,0
5,budget,40,600,0.883,7.609565964737361,0.2124166666666666,19032
5,max-cover,40,600,0.4092083333333333,7.632836786306479,0.1364583333333333,19032
5,heuristic,40,600,0.6985416666666666,7.6143923944326275,0.1809166666666666,0
6,budget,40,600,0.8629166666666667,10.060588301124866,0.2068333333333333,19164
6,max-cover,40,600,0.5130416666666666,10.042866936046597,0.1415833333333333,19164
6,heuristic,40,600,0.790125,10.046100663300107,0.1908749999999999,0
7,budget,40,600,0.8977083333333333,7.047831891430133,0.2090833333333333,19110
7,max-cover,40,600,0.425875,7.239366366248045,0.121625,19110
7,heuristic,40,600,0.6544583333333334,7.046185397708558,0.1540416666666666,0
8,budget,40,600,0.8776666666666667,5.35585576218678,0.2106666666666666,19073
8,max-cover,40,600,0.3102083333333333,5.318749937849741,0.1117916666666666,19073
8,heuristic,40,600,0.5778333333333333,5.355041604233051,0.1478749999999999,0
9,budget,40,600,0.877125,5.00766395651832,0.2115833333333333,19051
9,max-cover,40,600,0.299125,5.034749521469282,0.1183333333333333,19051
9,heuristic,40,600,0.6302916666666667,5.006867558311356,0.1650416666666667,0
0,budget,60,600,0.9070833333333334,3.4394504691506174,0.3207499999999998,24647
0,max-cover,60,600,0.27275,3.4041500756274217,0.14575,24647
0,heuristic,60,600,0.5290277777777778,3.451307317589964,0.1935,0
1,budget,60,600,0.9036944444444444,4.431927446235746,0.3323611111111109,24237
1,max-cover,60,600,0.2967777777777778,4.436743905322463,0.1401666666666667,24237
1,heuristic,60,600,0.4775,4.428506576150509,0.1808333333333333,0
2,budget,60,600,0.8989444444444444,2.9618833788829564,0.3442222222222221,23816
2,max-cover,60,600,0.2163333333333333,2.948849771428633,0.1358611111111111,23816
2,heuristic,60,600,0.4363055555555555,2.961366953229269,0.1930277777777778,0
3,budget,60,600,0.9166944444444444,5.0905044360289375,0.3301111111111108,24315
3,max-cover,60,600,0.3149999999999999,5.119605761746594,0.1383333333333333,24315
3,heuristic,60,600,0.4796666666666667,5.104629909924835,0.1894166666666667,0
4,budget,60,600,0.9297777777777778,3.941055916842544,0.3470277777777777,23717
4,max-cover,60,600,0.3109166666666666,3.965806072209552,0.1565,23717
4,heuristic,60,600,0.5104166666666667,3.940756398513644,0.2026388888888889,0
5,budget,60,600,0.92475,3.865342134689824,0.3202777777777776,24663
5,max-cover,60,600,0.2447777777777777,3.854951683178819,0.1236111111111111,24663
5,heuristic,60,600,0.4570277777777778,3.868956723515999,0.1695,0
6,budget,60,600,0.9226666666666666,4.512323275844703,0.3353888888888888,24129
6,max-cover,60,600,0.2621111111111111,4.521271090753084,0.1319722222222222,24129
6,heuristic,60,600,0.4385,4.51385972864349,0.1796944444444444,0
7,budget,60,600,0.8667777777777778,3.9221691460406647,0.3142777777777776,24876
7,max-cover,60,600,0.3079166666666666,3.901348875906322,0.1400833333333333,24876
7,heuristic,60,600,0.5053333333333334,3.906617138308422,0.18625,0
8,budget,60,600,0.8902777777777777,3.477061328024865,0.3336666666666664,24190
8,max-cover,60,600,0.3045833333333333,3.55835127992542,0.1399444444444444,24190
8,heuristic,60,600,0.5208055555555555,3.4776744988434505,0.1969166666666667,0
9,budget,60,600,0.91625,3.071789508461589,0.3223333333333332,24591
9,max-cover,60,600,0.3230555555555555,3.034994915686221,0.1515833333333333,24591
9,heuristic,60,600,0.5678333333333334,3.069186633707475,0.2075833333333333,0
0,budget,80,600,0.924125,3.010705771725022,0.4437083333333335,26970
0,max-cover,80,600,0.1853333333333333,3.020906473715793,0.1262708333333333,26970
0,heuristic,80,600,0.3566249999999999,3.016117985022188,0.1872916666666666,0
1,budget,80,600,0.9325833333333332,2.708421880665756,0.4304791666666669,27597
1,max-cover,80,600,0.1907083333333333,2.7040800783664416,0.1349583333333333,27597
1,heuristic,80,600,0.3732916666666667,2.7087677640336727,0.1904583333333332,0
2,budget,80,600,0.9394166666666668,3.220468318874101,0.4438958333333336,26961
2,max-cover,80,600,0.1996875,3.2213178192772625,0.1366458333333332,26961
2,heuristic,80,600,0.4011666666666666,3.224335805026943,0.1979374999999999,0
3,budget,80,600,0.906375,3.393124211504176,0.4536875000000001,26498
3,max-cover,80,600,0.256375,3.396617051192401,0.1526666666666666,26498
3,heuristic,80,600,0.4485,3.3906443723494903,0.2073749999999998,0
4,budget,80,600,0.943375,2.6283482363129944,0.4521458333333334,26573
4,max-cover,80,600,0.222375,2.6369638377487785,0.1311666666666666,26573
4,heuristic,80,600,0.4026458333333333,2.63106737547313,0.1945416666666665,0
5,budget,80,600,0.946625,1.963869710610163,0.4622291666666669,26093
5,max-cover,80,600,0.1952916666666666,1.960487834018668,0.1286249999999999,26093
5,heuristic,80,600,0.3911249999999999,1.966237295981287,0.1829583333333333,0
6,budget,80,600,0.9495625,2.5292467782647616,0.4593541666666669,26229
6,max-cover,80,600,0.2013749999999999,2.5380196060548394,0.1316458333333333,26229
6,heuristic,80,600,0.3983124999999999,2.537890744363542,0.1854583333333333,0
7,budget,80,600,0.9145416666666668,5.066023329167266,0.4380208333333335,27241
7,max-cover,80,600,0.2299375,5.07663367462927,0.1551458333333332,27241
7,heuristic,80,600,0.4323125,5.072203655627688,0.2041041666666666,0
8,budget,80,600,0.9397083333333334,2.194380700958092,0.4700208333333336,25723
8,max-cover,80,600,0.2275416666666666,2.177884367276287,0.1420624999999999,25723
8,heuristic,80,600,0.3908541666666666,2.1976485300535398,0.1984375,0
9,budget,80,600,0.9400208333333333,3.6105510819614333,0.44910416666666675,26715
9,max-cover,80,600,0.21181249999999996,3.598711115427842,0.13972916666666663,26715
9,heuristic,80,600,0.42433333333333334,3.616831988538153,0.2077916666666666,0
