round,method,task,worker,fairness-pairwise,waste-pairwise,avg-density,max-density,min-density,avg-budget
0,max-cover,5,100,0.5509138381201044,0.3655352480417754,1.4506844878690617,2.0657512783063727,0.6864852355752565,1.0
0,budget,5,100,0.8537859007832898,0.0600522193211488,2.178649555372064,2.8198829996636228,1.3670635171396566,1.0
0,matroid,5,100,0.6527415143603132,0.370757180156658,0.9208677147874632,1.507846588058472,0.482400854170922,1.0
0,heuristic,5,100,0.9843342036553524,0.0,2.062625016002542,3.010416625291461,1.1044344843122789,1.0
1,max-cover,5,100,0.762,0.142,1.1770257040736471,2.004864590362714,0.8306516885026303,1.0
1,budget,5,100,0.746,0.186,1.538132036770254,2.683189756761048,0.9155472810756852,1.0
1,matroid,5,100,0.598,0.362,0.9756210208820904,2.379322474504125,0.5410174257442786,1.0
1,heuristic,5,100,0.922,0.0,1.4713958630699706,3.2806241491878088,0.6384706373273277,1.0
2,max-cover,5,100,0.6294536817102138,0.3800475059382422,1.4361045698554915,2.165951810617005,0.7649944748078058,1.0
2,budget,5,100,0.9121140142517816,0.0498812351543943,1.895566375661536,2.544151109896017,1.198950445469395,1.0
2,matroid,5,100,0.3254156769596199,0.7268408551068883,0.8108683531050547,1.039416816017931,0.5051722738643045,1.0
2,heuristic,5,100,0.9572446555819476,0.0,1.708847489011008,2.5818621568291933,0.8291948538074869,1.0
3,max-cover,5,100,0.7204819277108434,0.2578313253012048,1.2722280638387855,2.4238623778138675,0.6130978324048485,1.0
3,budget,5,100,0.8144578313253013,0.1180722891566265,1.8772958649327431,3.020107862246926,1.0970844803093316,1.0
3,matroid,5,100,0.4771084337349397,0.5903614457831325,0.9470262783000368,1.283573312097897,0.5091340395377462,1.0
3,heuristic,5,100,0.8891566265060241,0.0216867469879518,1.4409918061833014,2.185268243246363,0.6861809589353356,1.0
4,max-cover,5,100,0.90537084398977,0.0460358056265984,1.6426079042391308,2.2815817560523333,1.0419008953680524,1.0
4,budget,5,100,0.9104859335038364,0.0255754475703324,1.9878301006000008,3.2229883708795515,1.2784381199141246,1.0
4,matroid,5,100,0.7212276214833759,0.3120204603580562,0.7708743795209128,1.3681802198273605,0.3877831876029621,1.0
4,heuristic,5,100,0.9718670076726342,0.0,1.76399036973639,2.6631152979751853,0.5259444379838959,1.0
0,max-cover,10,100,0.8034006376195537,0.2029755579171094,13.088285503795111,42.79125486439239,6.437569750974113,1.0
0,budget,10,100,0.8544102019128587,0.1679064824654622,15.928222925318336,45.64872766641165,9.111667931395043,1.0
0,matroid,10,100,0.7757704569606801,0.2125398512221041,11.23571090472214,46.25988098867229,6.043021035533329,1.0
0,heuristic,10,100,0.9691817215727948,0.0,15.815660069277172,46.47118328452149,7.611939908469153,1.0
1,max-cover,10,100,0.763617677286742,0.1695786228160329,9.13599176760694,14.837346085571768,5.406463688904848,1.0
1,budget,10,100,0.8067831449126412,0.1541623843782117,10.660842433822475,14.541215204029676,5.784683328028787,1.0
1,matroid,10,100,0.709146968139774,0.329907502569373,7.426119402471025,14.139377417945283,3.536579237529536,1.0
1,heuristic,10,100,0.94655704008222,0.0411099691675231,9.267157434422018,13.552802087955312,6.043945138149435,1.0
2,max-cover,10,100,0.7987220447284344,0.194888178913738,9.941869093615251,15.349488069652033,6.222315948223742,1.0
2,budget,10,100,0.8839190628328009,0.1054313099041533,11.844158225388275,19.382083508494183,7.906240533972505,1.0
2,matroid,10,100,0.8466453674121406,0.154419595314164,7.513099270057816,10.292824140698636,5.870375487599523,1.0
2,heuristic,10,100,0.845580404685836,0.1352502662406815,8.653390960906457,15.322742989529669,2.303128011187724,1.0
3,max-cover,10,100,0.768888888888889,0.1511111111111111,13.67181980026132,36.11733821207921,6.103126646183987,1.0
3,budget,10,100,0.8688888888888888,0.1033333333333333,13.628693320376744,20.445878115948883,9.989550034431089,1.0
3,matroid,10,100,0.74,0.2711111111111111,9.597655222087331,37.39307909323529,3.9642029055420775,1.0
3,heuristic,10,100,0.9577777777777776,0.0022222222222222,13.578188535739924,35.99973093812702,3.6200770225744057,1.0
4,max-cover,10,100,0.8100987925356751,0.1558726673984632,11.925688532343042,19.081236516523216,9.441937513647735,1.0
4,budget,10,100,0.8715697036223929,0.0790340285400658,14.496750564205795,22.643914388314894,9.15539619308695,1.0
4,matroid,10,100,0.7881448957189902,0.2206366630076838,9.29743217479217,15.08421535455508,5.829533839510806,1.0
4,heuristic,10,100,0.9703622392974752,0.0,13.622688910810393,18.50814857483584,5.334083224481475,1.0
0,max-cover,15,100,0.8116197183098591,0.1434859154929577,9.06417343546379,15.018641251724947,4.195544857039487,1.0
0,budget,15,100,0.9190140845070424,0.0580985915492957,11.895773335364344,24.09843392488936,8.426737351303608,1.0
0,matroid,15,100,0.9066901408450704,0.0924295774647887,8.569752274240876,12.900084711203004,5.333749032252005,1.0
0,heuristic,15,100,0.94806338028169,0.0343309859154929,10.8749224037733,15.717513571852388,5.09962429357943,1.0
1,max-cover,15,100,0.7030769230769232,0.2807692307692307,8.289509745116003,19.326539211127454,1.6501442195659135,1.0
1,budget,15,100,0.8676923076923077,0.1146153846153846,11.726649930092098,18.456259416349088,4.474577229211231,1.0
1,matroid,15,100,0.9130769230769232,0.0992307692307692,8.879576742441195,14.560806365860126,4.171206046639823,1.0
1,heuristic,15,100,0.9830769230769232,0.0,10.726428355130484,15.784042752434647,5.026934653946864,1.0
2,max-cover,15,100,0.8502994011976048,0.1212574850299401,10.380298881402265,22.7663101849026,3.8966999589346862,1.0
2,budget,15,100,0.8817365269461078,0.1025449101796407,11.07431138346828,23.939631948313245,3.600648141455338,1.0
2,matroid,15,100,0.8263473053892215,0.1744011976047904,8.855533636824752,17.778865612820432,3.592004387648357,1.0
2,heuristic,15,100,0.9595808383233532,0.0187125748502994,10.059758803016894,19.227405244878245,2.0297668201505097,1.0
3,max-cover,15,100,0.8030546623794212,0.1784565916398713,10.01665655160846,16.674886235206625,3.720842907753231,1.0
3,budget,15,100,0.8963022508038585,0.0836012861736334,11.290535331660603,18.27288340072468,5.095665452438282,1.0
3,matroid,15,100,0.914790996784566,0.090032154340836,8.968241906239827,15.930024985769286,4.076375399175366,1.0
3,heuristic,15,100,0.9581993569131833,0.020096463022508,10.551151567990672,23.51049950907692,3.1447215331494465,1.0
4,max-cover,15,100,0.7988422575976846,0.1722141823444283,9.85059733147678,16.02116043211049,3.5480040237126373,1.0
4,budget,15,100,0.9059334298118668,0.065123010130246,12.198545461604924,19.73993266255666,8.441476415212142,1.0
4,matroid,15,100,0.869753979739508,0.1353111432706223,8.557911093688976,14.195357849759482,5.614919975539426,1.0
4,heuristic,15,100,0.8263386396526773,0.1418234442836468,10.758369069963358,21.23370790298532,1.9165036704982428,1.0
0,max-cover,5,300,0.6677115987460815,0.2915360501567398,26.72566885421225,34.592534210983274,20.667370325102624,1.0
0,budget,5,300,0.8855799373040752,0.1003134796238244,30.9605173286254,39.738749267293095,23.106053205133136,1.0
0,matroid,5,300,0.8260188087774295,0.1786833855799373,19.04128188850015,28.621810207885343,10.154152955701663,1.0
0,heuristic,5,300,0.9866771159874608,0.0,25.504306182855714,34.9577552729327,17.270711431294608,1.0
1,max-cover,5,300,0.7647058823529411,0.1625386996904024,23.00696587184584,26.641822028936872,20.408138670903053,1.0
1,budget,5,300,0.913312693498452,0.0688854489164086,29.23343341359181,33.4632996733316,25.092520733283564,1.0
1,matroid,5,300,0.5704334365325077,0.4373065015479876,13.176803922457708,19.764416159669345,10.215437622174074,1.0
1,heuristic,5,300,0.9945820433436532,0.0,23.38103915680429,27.164988008297293,18.11297251217153,1.0
0,max-cover,15,300,0.8164227238898536,0.1352021830811213,17.50755394701504,24.83524682134036,9.638363664738948,1.0
0,budget,15,300,0.8650458943190276,0.1076655916645993,22.47214758036696,32.02829163075994,12.090527997268682,1.0
0,matroid,15,300,0.741503349044902,0.2498139419498883,11.773972353434434,17.909769440043412,7.095663964110442,1.0
0,heuristic,15,300,0.9533614487720168,0.0411808484247085,10.486901790763516,22.391708062067927,11.760013956136914,1.0
0,max-cover,10,300,0.734637964774951,0.2469667318982387,21.13425009747796,35.52936559573113,11.964971573791845,1.0
0,budget,10,300,0.9303326810176126,0.0457925636007827,26.822934789153567,30.715268695151103,22.71965930144097,1.0
0,matroid,10,300,0.9326810176125244,0.0575342465753424,10.484166076459823,14.357552010677008,7.1008581341172,1.0
0,heuristic,10,300,0.9929549902152642,0.0,16.61316317433871,22.65416559768459,8.661876684747652,1.0
2,max-cover,5,300,0.7713333333333333,0.1146666666666666,14.582084300248306,19.18031728224925,8.567363408565662,1.0
2,budget,5,300,0.852,0.1186666666666666,20.735970623408484,29.4933401775495,11.394233051578574,1.0
2,matroid,5,300,0.7053333333333334,0.286,7.6742189942140895,8.629013048655764,7.140101774416873,1.0
2,heuristic,5,300,0.9766666666666668,0.0113333333333333,15.762171528163654,20.518350298495847,11.922081570084067,1.0
0,max-cover,20,300,0.7234476367006488,0.2443002780352177,15.17353560994448,21.424138630989827,10.691211545250251,1.0
0,budget,20,300,0.9110287303058388,0.0691380908248378,19.81037858865672,31.278552341450727,13.716914114458284,1.0
0,matroid,20,300,0.796663577386469,0.1927710843373494,10.56245198495998,20.27668737831448,5.179502953419689,1.0
0,heuristic,20,300,0.961631139944393,0.0302131603336422,16.484490253336542,34.269050041748834,7.881208106775997,1.0
3,max-cover,5,300,0.7356797791580401,0.209799861973775,21.67705006034696,25.530449608711205,18.64943094637416,1.0
3,budget,5,300,0.8971704623878537,0.072463768115942,29.087389629064937,40.32056159746291,24.33832061510175,1.0
3,matroid,5,300,0.6797791580400276,0.3264320220841959,11.016566896585474,12.74885719873826,9.75893125748238,1.0
3,heuristic,5,300,0.9889579020013802,0.0,17.321188720686497,21.484396791129868,12.72307086674821,1.0
1,max-cover,15,300,0.7621553884711779,0.1370927318295739,17.770055057296407,29.34939456233927,9.72761124656741,1.0
1,budget,15,300,0.9290726817042606,0.0431077694235589,22.650806346037,40.57315930470766,14.57972724003788,1.0
1,matroid,15,300,0.7884711779448621,0.1721804511278195,12.413698482669668,22.7651779844022,6.050002708735138,1.0
1,heuristic,15,300,0.9887218045112782,0.0,16.98757911380885,44.958328978465886,8.824418060645547,1.0
1,max-cover,10,300,0.6987610619469027,0.2601769911504424,19.667461791735185,26.18318660728175,15.021022002852932,1.0
1,budget,10,300,0.9341592920353984,0.0463716814159292,25.00678478784041,27.905112557128096,20.1765518963721,1.0
1,matroid,10,300,0.8184070796460177,0.1483185840707964,10.356094266653637,22.25852637247573,6.52952160976818,1.0
1,heuristic,10,300,0.9879646017699116,0.0,20.06239057474336,43.77091677708805,10.314202331139478,1.0
4,max-cover,5,300,0.7781926811053025,0.1964152352501867,26.187947565563064,31.544450435313284,21.25122346100113,1.0
4,budget,5,300,0.8633308439133682,0.1142643764002987,32.73378370405828,42.20720458646277,24.807413027688007,1.0
4,matroid,5,300,0.725914861837192,0.2561613144137416,14.733374798895047,28.81002705600534,8.365697669227945,1.0
4,heuristic,5,300,0.9902912621359224,0.0,19.90217855311245,42.11858548600834,8.636060326623875,1.0
1,max-cover,20,300,0.7622053090774086,0.2004826434007796,15.677750494083346,28.538226137876567,7.110700610380715,1.0
1,budget,20,300,0.916836829404121,0.0475218117690737,20.04902832477205,35.48008096608366,11.845623389389944,1.0
1,matroid,20,300,0.7865231111936143,0.2010395396324485,10.628508586562605,26.155763632124813,5.702605544419223,1.0
1,heuristic,20,300,0.9326155559680712,0.0588453684796732,16.051567383586857,30.54347137507798,6.241732154687755,1.0
2,max-cover,10,300,0.6581595974119339,0.314881380301941,18.20517762746969,22.420372670902005,11.800448957322883,1.0
2,budget,10,300,0.9191229331416249,0.0567936736161035,24.95027588036401,35.20385994679405,18.12947707010713,1.0
2,matroid,10,300,0.7739036664270309,0.2260963335729691,11.409508953339484,17.440424872388427,7.034494488787536,1.0
2,heuristic,10,300,0.99137311286844,0.0,20.199196716591057,30.59000553286328,9.454802584039784,1.0
2,max-cover,15,300,0.8154528843643958,0.1433046202036021,20.60672045671461,32.25439674842361,12.538187801180705,1.0
2,budget,15,300,0.923257635082224,0.0629078569564082,26.89999812999939,41.48512558194738,14.992312751989926,1.0
2,matroid,15,300,0.7640302793004438,0.2205690420255807,12.08443537914835,21.865091762787408,5.908783415532678,1.0
2,heuristic,15,300,0.9582354476637952,0.0336726703210649,19.72182652910688,38.23542386255566,8.176236463071806,1.0
3,max-cover,10,300,0.7725306416726748,0.1820475847152126,17.86284561328634,21.53164477594257,11.21542375119618,1.0
3,budget,10,300,0.9275414563806778,0.0504686373467916,23.959383285908324,28.9279937295245,15.074476707611682,1.0
3,matroid,10,300,0.6236481614996395,0.3673395818312905,12.126924945188687,18.69589394996408,8.351311684626094,1.0
3,heuristic,10,300,0.9437635183850036,0.0414563806777217,15.760780546424291,24.37244595112926,9.476284648275286,1.0
2,max-cover,20,300,0.7674247982391783,0.2012105649303008,16.012600044402717,32.95313796081634,7.460803255512864,1.0
2,budget,20,300,0.9361702127659576,0.0464049889948642,19.636364803309977,26.772847911887663,12.064926913274885,1.0
2,matroid,20,300,0.8802274394717535,0.1087674247982391,10.332379274492329,18.050365481489283,6.328534930671363,1.0
2,heuristic,20,300,0.973037417461482,0.0209097578870139,14.816543278428904,28.30082410233761,5.772577905501437,1.0
3,max-cover,15,300,0.7959231490159325,0.158622305529522,17.548363924734147,29.88624158766442,9.239242483746942,1.0
3,budget,15,300,0.8936269915651359,0.0773195876288659,21.92744931011683,28.646097134412205,14.833995433297025,1.0
3,matroid,15,300,0.760543580131209,0.2300843486410496,10.820006992135282,18.68346572277792,4.592734928330289,1.0
3,heuristic,15,300,0.9212746016869728,0.0745079662605435,16.017373588030377,28.12238049216625,8.587461853611888,1.0
4,max-cover,10,300,0.6770412287793048,0.2813257881972514,19.91368399478274,34.79334417718386,12.37262850942813,1.0
4,budget,10,300,0.9078415521422796,0.0747776879547291,29.4965957793268,41.76809578633663,18.07235967989056,1.0
4,matroid,10,300,0.7275666936135812,0.2700080840743735,13.76131219908182,24.18140850041782,6.860979888370553,1.0
4,heuristic,10,300,0.8868229587712206,0.1099434114793856,21.40385657828655,35.301625663138395,10.266276071364969,1.0
3,max-cover,20,300,0.8095059177155739,0.1758406913394702,15.667124986518155,26.526192781957057,7.923259656650728,1.0
3,budget,20,300,0.920157805748638,0.0666917151981965,19.36743129621652,36.06095352558554,7.937016631876168,1.0
3,matroid,20,300,0.8235957167011084,0.1655081720834116,10.709224681024107,25.217178146892472,6.42238826687409,1.0
3,heuristic,20,300,0.9889160247980462,0.0063873755401089,16.781723460416302,34.37882016239806,8.606249067681441,1.0
4,max-cover,15,300,0.7947159841479524,0.1653896961690885,19.427176693856893,35.17703918521911,9.360970883340556,1.0
4,budget,15,300,0.8977542932628798,0.0819022457067371,24.67573470721634,37.76177093436959,17.510725418550784,1.0
4,matroid,15,300,0.887450462351387,0.1093791281373844,13.79362224882581,19.799881280796715,8.137680588353124,1.0
4,heuristic,15,300,0.9949801849405548,0.0,18.383733467267703,36.97693057275619,8.639509754049818,1.0
4,max-cover,20,300,0.8324607329842932,0.1307030665669409,17.90007652164524,34.143626867905965,9.2088561298762,1.0
4,budget,20,300,0.8805160807778609,0.1034031413612565,21.00489730926148,33.911544833910035,8.404241047241111,1.0
4,matroid,20,300,0.787023186237846,0.2077412116679132,12.259269965675385,23.18701011456521,5.457125589765091,1.0
4,heuristic,20,300,0.975130890052356,0.0198204936424831,15.128383720882008,36.95077700304182,6.894257247355084,1.0
0,max-cover,20,100,0.8679245283018868,0.0906877662811929,9.733153811118871,22.20244656207596,2.879315662279437,1.0
0,budget,20,100,0.931223371880706,0.0456482045039561,11.12977778693531,25.02167572299614,4.686456841623061,1.0
0,matroid,20,100,0.8508825319537432,0.1375532562385879,8.348926833176147,16.57900666270759,3.4237113428782284,1.0
0,heuristic,20,100,0.9275715155203896,0.0486914181375532,9.496753063859243,18.725135785993974,3.955047968459275,1.0
1,max-cover,20,100,0.8163265306122449,0.1493018259935553,9.023618906957234,17.99867293594315,3.185756733222532,1.0
1,budget,20,100,0.9280343716433942,0.0488721804511278,10.14159254672557,23.04501073417584,3.830132107985432,1.0
1,matroid,20,100,0.7454350161117078,0.2438238453276047,8.705427457203141,18.38980132819999,3.9343336359026218,1.0
1,heuristic,20,100,0.950590762620838,0.0392051557465091,10.20773295269028,22.728194465855708,3.354559964564947,1.0
2,max-cover,20,100,0.8515452538631346,0.1324503311258278,8.317473212368373,15.775699154954175,4.029348247834953,1.0
2,budget,20,100,0.9387417218543046,0.0408388520971302,8.922001246929145,15.079951901545186,3.408754201616689,1.0
2,matroid,20,100,0.8565121412803531,0.141280353200883,6.70840961820538,15.840631221871307,3.0682464599242114,1.0
2,heuristic,20,100,0.9365342163355408,0.0474613686534216,7.737544829208344,15.611737459121953,1.1388257334786007,1.0
3,max-cover,20,100,0.8356623812185578,0.1280044717719396,7.605640534033024,13.467549060078133,3.1406177643573496,1.0
3,budget,20,100,0.9351593068753492,0.0441587479038569,8.619868577252216,14.636058152374376,3.978602595414904,1.0
3,matroid,20,100,0.8563443264393515,0.1352711011738401,7.343550065455074,12.394139567590983,2.5433181094409725,1.0
3,heuristic,20,100,0.931805477920626,0.0542202347680268,8.534241227814908,15.085326673823817,5.886269716947767,1.0
0,max-cover,10,100,0.6739999999999999,0.277,8.62574634556006,19.893115764603603,4.123936948328435,2.0
0,budget,10,100,0.8240000000000001,0.16,9.89043528920958,22.6663639045724,4.76164697926516,2.0
0,matroid,10,100,0.655,0.349,7.167578859083575,22.75259767028115,3.8137431401949633,2.0
0,heuristic,10,100,0.957,0.024,9.708298484332122,24.40687012644138,4.535475462746119,2.0
0,max-cover,5,100,0.56,0.402,10.883206767564396,16.432419131301373,8.311519987990648,2.0
0,budget,5,100,0.914,0.05,15.957463791519762,24.160669549181183,10.255218640663902,2.0
0,matroid,5,100,0.6639999999999999,0.34,8.80703250590155,11.414265372338331,4.526927413238687,2.0
0,heuristic,5,100,0.982,0.0,10.840444869990517,15.700198041145484,8.20444741919471,2.0
1,max-cover,5,100,0.73,0.224,10.62422230186867,12.345938929321775,6.510062927970626,2.0
1,budget,5,100,0.858,0.066,13.024326467532614,15.634720244031328,9.006472051399303,2.0
1,matroid,5,100,0.492,0.502,6.508831154594745,7.334649523357442,4.709444786457319,2.0
1,heuristic,5,100,0.976,0.0,10.598866374913698,15.871271226373622,7.199789205927463,2.0
1,max-cover,10,100,0.698,0.275,7.389358151037716,12.503982069132023,5.55208851917441,2.0
1,budget,10,100,0.894,0.084,9.000899615843764,11.743193207097589,6.031845238139567,2.0
1,matroid,10,100,0.487,0.519,5.867802293794755,8.070833371361243,2.541277008319833,2.0
1,heuristic,10,100,0.84,0.121,7.603031163006388,10.935070376724427,5.349903618579385,2.0
2,max-cover,5,100,0.634,0.228,10.130337423805646,14.99331712890356,5.637702461708981,2.0
2,budget,5,100,0.934,0.044,12.170524974814835,16.301444928677093,8.702750310841033,2.0
2,matroid,5,100,0.534,0.462,7.358609795585126,11.28692522345135,4.275248567690961,2.0
2,heuristic,5,100,0.946,0.046,10.488853359082784,16.335506339952115,6.782735785260786,2.0
3,max-cover,5,100,0.6639999999999999,0.264,6.693881323043391,7.633957642895305,3.7019846219964494,2.0
3,budget,5,100,0.8160000000000001,0.15,7.571601599590723,8.658072393735525,6.493133171430825,2.0
3,matroid,5,100,0.354,0.642,5.042781256918351,6.6102873730023655,3.293834475169939,2.0
3,heuristic,5,100,0.984,0.0,7.380462794639115,8.15057242552745,6.6124640269609705,2.0
2,max-cover,10,100,0.6579999999999999,0.292,7.025239383673314,11.087260170705235,3.967549738134032,2.0
2,budget,10,100,0.863,0.096,8.338299286377316,11.321234037756378,4.461525713248334,2.0
2,matroid,10,100,0.527,0.489,6.629904869332535,10.531343664531288,3.5825536908697533,2.0
2,heuristic,10,100,0.724,0.279,7.734871979950235,11.985871127379305,5.30825964270876,2.0
4,max-cover,5,100,0.544,0.34,9.951979125365236,17.495991158800628,6.421969845376167,2.0
4,budget,5,100,0.724,0.216,10.715159715060633,16.150222390663274,7.1648727437266135,2.0
4,matroid,5,100,0.4,0.568,7.080555194669056,9.748469886147356,5.694378501912955,2.0
4,heuristic,5,100,0.982,0.0,11.178152551787765,18.238903265616315,7.52002322805092,2.0
3,max-cover,10,100,0.5920000000000001,0.389,8.820639344476277,12.01453890841299,6.035178214601502,2.0
3,budget,10,100,0.881,0.08,10.49532421731242,17.795834183555268,6.625208236338659,2.0
3,matroid,10,100,0.4669999999999999,0.537,7.1549246138436855,11.573664652792298,3.3968525688201527,2.0
3,heuristic,10,100,0.793,0.184,9.45076342747804,17.320504042822993,4.15288812175056,2.0
4,max-cover,20,100,0.8176171654432524,0.1716544325239977,7.479421749855279,14.999567202273084,3.351128438744918,1.0
4,budget,20,100,0.9288537549407114,0.0615471485036702,9.192925562549153,16.262105102211233,4.130398164524839,1.0
4,matroid,20,100,0.9006211180124224,0.0926030491247882,7.650666237010983,14.655380599413691,3.559468553966381,1.0
4,heuristic,20,100,0.9181253529079616,0.0773574251835121,2.1831715970005297,13.174737470861864,2.3439061429431094,1.0
4,max-cover,10,100,0.6679999999999999,0.276,6.983766455585945,11.27701918220244,4.410743716897851,2.0
4,budget,10,100,0.941,0.028,8.503239039771687,11.455695775288213,4.840325423942465,2.0
4,matroid,10,100,0.4529999999999999,0.552,6.025162283002109,10.993269292190597,4.524075792656314,2.0
4,heuristic,10,100,0.865,0.113,7.969757190694525,11.05451597277698,5.112824631406385,2.0
0,max-cover,15,100,0.7633333333333333,0.23,5.436680564148306,9.293571358047457,2.856824994144743,2.0
0,budget,15,100,0.928,0.054,6.281770541044774,10.31485533745837,2.0921508849802146,2.0
0,matroid,15,100,0.5733333333333333,0.4293333333333333,5.096069408457311,9.11647227553811,2.464342116102706,2.0
0,heuristic,15,100,0.9073333333333332,0.0826666666666666,6.34630478994295,12.432524672447844,1.6407713914008302,2.0
0,max-cover,20,100,0.8135,0.1945,4.465423156389295,7.220727874258378,2.408281494062521,2.0
0,budget,20,100,0.9655,0.0235,4.431632758426552,10.422109194830682,1.1637643250274896,2.0
0,matroid,20,100,0.7045,0.317,4.565437367376672,8.907682022779106,1.9586270210447096,2.0
0,heuristic,20,100,0.922,0.0655,4.815790246372663,8.111428799969534,1.3498432421256754,2.0
1,max-cover,15,100,0.72,0.276,5.7831660774512965,9.891948819851232,1.9929109678321384,2.0
1,budget,15,100,0.9373333333333334,0.044,5.995433461998889,10.420584058865536,2.289754983231233,2.0
1,matroid,15,100,0.6006666666666667,0.4126666666666667,4.786017517829126,9.670226276591457,2.55895374852023,2.0
1,heuristic,15,100,0.912,0.078,5.998559498341734,9.493289056281062,3.0056385261318286,2.0
1,max-cover,20,100,0.8305,0.145,4.75937246002184,9.065709890854828,2.444374668078664,2.0
1,budget,20,100,0.9615,0.023,4.671842964020152,8.494786720112167,1.224611579326244,2.0
1,matroid,20,100,0.704,0.2965,4.06281254958188,7.764112696328335,2.0520532304576755,2.0
1,heuristic,20,100,0.9015,0.076,4.55190275344045,9.878678024584104,1.2722448134455135,2.0
2,max-cover,15,100,0.754,0.2293333333333333,4.726361368843983,7.576389640361285,1.612923360939353,2.0
2,budget,15,100,0.9086666666666666,0.058,5.274860428881003,9.898621020046598,1.3431660401949574,2.0
2,matroid,15,100,0.6013333333333333,0.402,4.46668731001161,11.486953165129693,1.57167626068905,2.0
2,heuristic,15,100,0.9353333333333332,0.024,5.426672364746311,9.962405719265504,1.7417713719049823,2.0
3,max-cover,15,100,0.7353333333333334,0.2246666666666666,7.381795308311713,15.293063541892256,1.8207321612358804,2.0
3,budget,15,100,0.9066666666666666,0.0493333333333333,8.147494615510077,18.891840178035583,2.428956050367326,2.0
3,matroid,15,100,0.5873333333333333,0.394,6.81262739401267,14.806605364735326,4.497716988681776,2.0
3,heuristic,15,100,0.8973333333333333,0.0433333333333333,7.528824009684192,14.628385329137627,2.5538019522570754,2.0
2,max-cover,20,100,0.8105,0.167,4.671802006675746,7.284394942879325,2.4524244711665366,2.0
2,budget,20,100,0.9555,0.0255,5.011500305933624,7.99829987181953,2.363884124701501,2.0
2,matroid,20,100,0.6455,0.362,4.823265239818118,7.995930513126083,3.036055089895265,2.0
2,heuristic,20,100,0.9,0.084,5.164342913584337,7.883022680186656,1.2776233764274716,2.0
4,max-cover,15,100,0.78,0.2006666666666666,5.7560699027061055,8.66661219280092,2.66210066737661,2.0
4,budget,15,100,0.9233333333333332,0.0546666666666666,6.04593430060682,8.262075731418985,3.875747619527112,2.0
4,matroid,15,100,0.61,0.388,5.464126364766042,7.55800968145005,2.539318162620116,2.0
4,heuristic,15,100,0.8773333333333333,0.112,6.048717712230903,10.064624936876116,2.8844686114908984,2.0
3,max-cover,20,100,0.7965,0.2,4.084739579587743,8.092427739302227,2.2220548032114595,2.0
3,budget,20,100,0.977,0.009,4.450364497169208,11.87105247088368,2.134929045841767,2.0
3,matroid,20,100,0.6805,0.319,3.9181167947995625,8.26312578426472,1.6762410711790945,2.0
3,heuristic,20,100,0.927,0.053,4.347270952941488,7.775770788431459,1.982369318617582,2.0
4,max-cover,20,100,0.806,0.17,4.4272492079205366,8.80107013449178,2.462582601920981,2.0
4,budget,20,100,0.9595,0.029,5.2175783104825495,10.286679740312511,1.391430335022111,2.0
4,matroid,20,100,0.6825,0.327,4.22843055869727,11.009591444232244,1.4769117426947167,2.0
4,heuristic,20,100,0.9335,0.0415,5.104885186244639,10.646552824655554,1.2841354654796902,2.0
0,max-cover,10,300,0.7073333333333334,0.1773333333333333,13.603493754288657,17.24747148202275,10.79095921353368,2.0
0,budget,10,300,0.8566666666666667,0.1106666666666666,16.667654951965496,26.110601523274617,12.739710396131311,2.0
0,matroid,10,300,0.3886666666666667,0.619,8.270458985020934,14.727172506947326,5.518624015995586,2.0
0,heuristic,10,300,0.9,0.0856666666666666,11.85290648246906,16.34741742584232,6.375596703616595,2.0
0,max-cover,5,300,0.5953333333333333,0.2593333333333333,16.940555156209356,19.647254769718465,14.085859503450813,2.0
0,budget,5,300,0.8113333333333334,0.116,20.03924895273719,23.02947413357149,16.953998908122422,2.0
0,matroid,5,300,0.1119999999999999,0.9206666666666666,9.08678641166583,12.243383713433415,5.3835120531594125,2.0
0,heuristic,5,300,0.9666666666666668,0.0,14.958883089252025,22.309817262052327,11.6646713367635,2.0
1,max-cover,5,300,0.6933333333333334,0.212,15.707218736664132,18.776363670854224,13.216420264898792,2.0
1,budget,5,300,0.916,0.0386666666666666,20.76247495535388,24.961715404650818,15.667871972957707,2.0
1,matroid,5,300,0.2279999999999999,0.7973333333333333,8.560269914273954,10.673535605321325,5.888689924133681,2.0
1,heuristic,5,300,0.9826666666666668,0.0,16.349170034306873,20.86192428221679,12.043864379675393,2.0
0,max-cover,15,300,0.6646666666666667,0.2471111111111111,12.024947989393992,18.244123546020138,9.124969806819696,2.0
0,budget,15,300,0.832,0.1244444444444444,15.193415413787658,22.85132004869811,9.701293226621544,2.0
0,matroid,15,300,0.5106666666666666,0.4997777777777777,8.576187995352873,19.669557506762995,4.343633715209401,2.0
0,heuristic,15,300,0.9786666666666668,0.0046666666666666,12.642784300074322,21.47682538380015,5.910616660601331,2.0
1,max-cover,10,300,0.758,0.1723333333333333,12.737300393840252,16.276893076733174,8.933901052062339,2.0
1,budget,10,300,0.7806666666666666,0.1756666666666666,16.543280223369084,22.833617397309634,9.914693505048325,2.0
1,matroid,10,300,0.3743333333333333,0.6356666666666667,7.936543973092763,10.53824651841805,5.534940600414429,2.0
1,heuristic,10,300,0.8946666666666667,0.0876666666666666,11.96882244098244,15.204018561996929,8.468045067126328,2.0
1,max-cover,15,300,0.752,0.1808888888888888,11.663305441206642,19.51967287467177,7.310301661804932,2.0
1,budget,15,300,0.8548888888888889,0.1084444444444444,13.714117390966296,19.039076939788387,7.523352448775179,2.0
1,matroid,15,300,0.4191111111111111,0.5995555555555555,8.117324230628235,11.596642897180686,4.361087855497875,2.0
1,heuristic,15,300,0.9375555555555556,0.0442222222222222,11.970006776724894,17.845636013741085,5.924435276933757,2.0
2,max-cover,5,300,0.418,0.5146666666666667,12.36402086418448,16.844330288531456,9.407573153833503,2.0
2,budget,5,300,0.7626666666666666,0.1666666666666666,15.533389076863534,18.19186047509977,12.93099798791505,2.0
2,matroid,5,300,0.0766666666666666,0.956,6.302302304760899,6.953437600230142,5.754510844868875,2.0
2,heuristic,5,300,0.9833333333333332,0.0,11.775161457999449,15.987011501378996,9.094506638336878,2.0
2,max-cover,15,300,0.7062222222222222,0.2304444444444444,11.573211117286656,18.482567297564565,8.147337956290867,2.0
2,budget,15,300,0.8844444444444445,0.0824444444444444,13.80594441085777,16.469988300130534,10.20531943586326,2.0
2,matroid,15,300,0.5244444444444445,0.4766666666666667,8.176002777194485,12.66278168759547,5.279555819244853,2.0
2,heuristic,15,300,0.9395555555555556,0.0497777777777777,12.822492157572963,17.002194823943302,8.855784193394724,2.0
2,max-cover,10,300,0.5983333333333334,0.3396666666666667,12.630560200213363,14.860451922050403,9.494193032575582,2.0
2,budget,10,300,0.8156666666666667,0.1286666666666666,15.933319184995671,22.41504801381431,11.355904484185492,2.0
2,matroid,10,300,0.3616666666666667,0.661,7.692478278180649,11.511315825660148,4.847028749909067,2.0
2,heuristic,10,300,0.8996666666666666,0.0763333333333333,11.834237087763022,16.454918439426237,4.465136535655583,2.0
3,max-cover,5,300,0.738,0.172,17.232910756363097,19.918537956745453,15.04327373192422,2.0
3,budget,5,300,0.8826666666666667,0.048,21.99551827090677,24.42000518822908,18.98931911011386,2.0
3,matroid,5,300,0.3953333333333333,0.6146666666666667,10.425138212546946,15.745405674144008,5.950212509260502,2.0
3,heuristic,5,300,0.9826666666666668,0.0,14.846125787127315,16.41571401293324,11.326182893723496,2.0
3,max-cover,15,300,0.6286666666666667,0.2986666666666667,12.333900385030187,18.09275885546099,9.373365920657395,2.0
3,budget,15,300,0.8364444444444444,0.1106666666666666,14.21913389798134,22.969220036289784,10.46181358653651,2.0
3,matroid,15,300,0.3584444444444444,0.6542222222222223,8.22990758075699,15.803410740025402,4.294916328874651,2.0
3,heuristic,15,300,0.98,0.0,12.906344085379882,19.42341374247443,6.964052118594117,2.0
4,max-cover,5,300,0.6513333333333333,0.3153333333333333,13.974436701133698,16.797679091395896,12.826946034224466,2.0
4,budget,5,300,0.948,0.018,20.82442363733356,25.06028154586252,14.833758721232842,2.0
4,matroid,5,300,0.6126666666666667,0.3753333333333333,8.603161748225668,10.474596589367874,5.417347445849188,2.0
4,heuristic,5,300,0.9846666666666668,0.0,15.375221134208909,17.769169163614443,12.134798633800928,2.0
0,max-cover,20,300,0.735,0.2286666666666666,11.129428529303269,17.380029636836312,8.094339761626877,2.0
0,budget,20,300,0.9136666666666666,0.0591666666666666,12.815177738858411,20.86377717307544,7.556682288114159,2.0
0,matroid,20,300,0.5036666666666667,0.4991666666666666,7.530494427701304,11.974025597948296,3.984128095589091,2.0
0,heuristic,20,300,0.8928333333333334,0.0955,11.003577934152382,15.965021527485789,8.234824555800664,2.0
4,max-cover,15,300,0.7484444444444445,0.1797777777777778,12.189117025284132,15.22138010669675,9.999794318726194,2.0
4,budget,15,300,0.8442222222222222,0.1311111111111111,15.362159522466666,25.81691751192782,10.192910675782349,2.0
4,matroid,15,300,0.3988888888888888,0.6082222222222222,8.701277071669335,14.24373983183291,5.329870560517155,2.0
4,heuristic,15,300,0.8462222222222222,0.1406666666666666,12.548603516323556,20.79127825811036,7.624436350479405,2.0
1,max-cover,20,300,0.6895,0.2743333333333333,10.161287188552636,15.79026340274762,6.223741410736767,2.0
1,budget,20,300,0.861,0.1115,11.61573134758144,15.870138185071395,6.765772602015908,2.0
1,matroid,20,300,0.473,0.5425,7.130037030302229,10.454226174261075,3.699239304781802,2.0
1,heuristic,20,300,0.8823333333333333,0.1076666666666666,10.038391970236388,17.225558454677635,2.9372680316971005,2.0
2,max-cover,20,300,0.7526666666666667,0.1825,10.907205792750954,19.17790829349233,5.480287102572619,2.0
2,budget,20,300,0.8823333333333333,0.0793333333333333,13.55106792591431,27.64718129685969,9.12598410205391,2.0
2,matroid,20,300,0.5518333333333334,0.4523333333333333,8.87962901284667,16.124361512785615,3.473260904722433,2.0
2,heuristic,20,300,0.8471666666666666,0.141,10.641403521243834,23.04919264285497,5.073884713389723,2.0
3,max-cover,20,300,0.6846666666666666,0.2838333333333333,10.326548303454969,15.182367933057234,6.912170636598769,2.0
3,budget,20,300,0.8701666666666666,0.1021666666666666,11.626502338713824,20.21078233498306,5.469533236490667,2.0
3,matroid,20,300,0.4488333333333333,0.5573333333333333,7.447698456872958,11.846007435141589,3.984194698482542,2.0
3,heuristic,20,300,0.8546666666666667,0.1258333333333333,10.013012498163842,20.10027366809168,4.698496025029682,2.0
4,max-cover,20,300,0.7395,0.2241666666666666,9.803960517589902,17.487223979036862,6.468182370693688,2.0
4,budget,20,300,0.8566666666666667,0.1085,11.451233115958566,19.3492910272766,6.72622743079155,2.0
4,matroid,20,300,0.3433333333333334,0.6763333333333333,7.154984181978797,13.77118100058442,4.631374829289121,2.0
4,heuristic,20,300,0.856,0.1285,10.405961714173218,18.99772566666344,5.119282641775742,2.0
3,max-cover,10,300,0.6126666666666667,0.2926666666666667,12.7003986605803,16.20709060421869,10.087751385436606,2.0
3,budget,10,300,0.884,0.0763333333333333,16.538743201923964,22.605118867363405,10.078236495479294,2.0
3,matroid,10,300,0.275,0.754,7.915420931706869,13.92821823745322,3.86358832154672,2.0
3,heuristic,10,300,0.956,0.0193333333333333,12.372038203601305,23.78579674524938,8.197536977415165,2.0
4,max-cover,10,300,0.688,0.208,12.817704978346509,19.258892376469216,8.544549643332237,2.0
4,budget,10,300,0.88,0.079,16.28375017785313,27.359843132283597,13.140854966302001,2.0
4,matroid,10,300,0.2433333333333333,0.7756666666666666,7.825002372222452,15.32743251057701,4.963635153900358,2.0
4,heuristic,10,300,0.9726666666666667,0.0,12.523850676699826,19.963865444263025,9.754441367478812,2.0
